id,country,description,designation,points,price,province,region_1,region_2,taster_name,taster_twitter_handle,title,variety,winery
3,United States,"Pineapple rind, lemon pith and orange blossom start off the aromas. The palate is a bit more opulent, with notes of honey-drizzled guava and mango giving way to a slightly astringent, semidry finish.",Reserve Late Harvest,87,13,Michigan,Lake Michigan Shore,,Alexander Peartree,@apatrone23,St. Julian 2013 Reserve Late Harvest Riesling,Riesling,St. Julian
6,Italy,"Here's a bright, informal red that opens with aromas of candied berry, white pepper and savory herb that carry over to the palate. It's balanced with fresh acidity and soft tannins.",Belsito,87,16,Sicily and Sardinia,Vittoria,,Kerin O'keefe,@kerinokeefe,Terre Di Giurfo 2013 Belsito Frappato,Frappato,Terre Di Giurfo
9,France,This has great depth of flavor with its fresh apple and pear fruits and touch of spice. It's off dry while balanced with acidity and a crisp texture. Drink now.,Les Natures,87,27,Alsace,Alsace,,Roger Voss,@vossroger,Jean-baptiste Adam 2012 Les Natures Pinot Gris,Pinot Gris,Jean-baptiste Adam
14,United States,"Building on 150 years and six generations of winemaking tradition, the winery trends toward a leaner style, with the classic California buttercream aroma cut by tart green apple. In this good everyday sipping wine, flavors that range from pear to barely ripe pineapple prove approachable but not distinctive.",,87,12,California,Central Coast,,Matt Kettmann,@mattkettmann,Mirassou 2012 Chardonnay,Chardonnay,Mirassou
28,Italy,"Aromas suggest mature berry, scorched earth, animal, toast and anise. The palate offers ripe black berry, oak, espresso, cocoa and vanilla alongside dusty tannins.",Mascaria Barricato,87,17,Sicily and Sardinia,Cerasuolo Di Vittoria,,Kerin O'keefe,@kerinokeefe,Terre Di Giurfo 2011 Mascaria Barricato,Red Blend,Terre Di Giurfo
34,United States,"This shows a tart, green gooseberry flavor that is similar to New Zealand Sauvignon Blanc. Other notes include tropical fruit, orange and honey. Unoaked, with a splash of Muscat, this has commendable dryness and acidity.",,86,20,California,Sonoma Valley,Sonoma,,,Envolve 2011 Sauvignon Blanc,Sauvignon Blanc,Envolve
35,United States,"As with many of the Erath 2010 vineyard designates, this is strongly herbal. The notes of leaf and herb create somewhat unripe flavor impressions, with a touch of bitterness on the finish. The fruit just passes the ripeness of sweet tomatoes.",Hyland,86,50,Oregon,Mcminnville,Willamette Valley,Paul Gregutt,@paulgwine,Erath 2010 Hyland Pinot Noir,Pinot Noir,Erath
38,Italy,"Inky in color, this wine has plump aromas of ripe fruit, blackberry jam and rum cake. On the palate, it is soft and smooth.",I Tratturi,86,11,Southern Italy,Puglia,,,,Feudi Di San Marzano 2011 I Tratturi Primitivo,Primitivo,Feudi Di San Marzano
42,France,"This is a festive wine, with soft, ripe fruit and acidity, plus a red berry flavor.",Nouveau,86,9,Beaujolais,Beaujolais,,Roger Voss,@vossroger,Henry Fessy 2012 Nouveau,Gamay,Henry Fessy
56,United States,"This is weighty, creamy and medium to full in body. It has plenty of lime and pear flavors, plus slight brown sugar and vanilla notes.",,85,14,California,North Coast,,Virginie Boone,@vboone,Souverain 2010 Chardonnay,Chardonnay,Souverain
57,Italy,"There's a touch of toasted almond at the start, but then this Grillo revs up in the glass to deliver notes of citrus, stone fruit, crushed stone and lemon tart. The mouthfeel is crisp and simple.",Sallier De La Tour,85,13,Sicily and Sardinia,Sicilia,,,,Tasca D'almerita 2011 Sallier De La Tour Grillo,Grillo,Tasca D'almerita
69,France,"This cooperative, based in Aÿ, has benefited from the fine Pinot Noir in the village to produce a ripe red fruited wine. With balanced acidity and a soft aftertaste, it is ready to drink.",Brut Rosé,86,55,Champagne,Champagne,,Roger Voss,@vossroger,Collet Nv Brut Rosé,Champagne Blend,Collet
89,Italy,"Made primarily from Sangiovese, with some Malvasia and other white grapes, this offers aromas of red berry and a yeasty whiff of bread dough. The bright, enjoyable palate offers ripe cherry and hint of pastry cream while a note of honeydew melon marks the close.",,88,19,Tuscany,Tuscany,,Kerin O'keefe,@kerinokeefe,Fattoria Sardi 2015 Rosato,Rosato,Fattoria Sardi
90,United States,"This blend of Sangiovese, Malbec, Cabernet Sauvignon, Petite Sirah and other varieties plays well to type. It shows a wealth of ripe, dusty black fruit that's richly round and soft on the palate, approachable and lightly oaked.",Siena,88,23,California,Sonoma County,Sonoma,Virginie Boone,@vboone,Ferrari-carano 2014 Siena Red,Red Blend,Ferrari-carano
94,United States,"Barrel notes are prominent, with aromas of Creamsicle and baking spice. The palate is broad and dry with stone-fruit and barrel flavors. It provides intrigue but the wood seems to get in the way at times.",Grand Klasse Reserve Lawrence Vineyard,88,22,Washington,Columbia Valley,Columbia Valley,Sean P. Sullivan,@wawinereport,Gård 2014 Grand Klasse Reserve Lawrence Vineyards Viognier,Viognier,Gård
96,France,"The wine comes from one of the cru estates followed by this negociant house. It is a light, ripe and fruity wine. With its attractive red-berry flavors, finished with crisp acidity, it is accessible and ready to drink.",,88,18,Beaujolais,Régnié,,Roger Voss,@vossroger,Henry Fessy 2015 Régnié,Gamay,Henry Fessy
120,Italy,"Slightly backward, particularly given the vintage, the wine has a complex nose with plenty of dark fruit, Turkish delight, smoked meat and earth. A full rich palate, slightly soft, it begins to run out of steam a little in mid palate, but returns with a flourish, and the finish is long and nuanced. Will repay 5+ years of cellaring.",Bricco Rocche Prapó,92,70,Piedmont,Barolo,,,,Ceretto 2003 Bricco Rocche Prapó,Nebbiolo,Ceretto
121,United States,"The vineyard is one of the better Chardonnay sources in Alexander Valley, and in this fine vintage it lends ripe pineapple, pear, Key lime pie and Mandarin orange flavors to the wine. Lots of toasty new oak adds buttered toast and vanilla, but the wood influence is in balance. Classic Burgundian-style California Chardonnay, rich and opulent.",Stuhlmuller Vineyard,92,36,California,Alexander Valley,Sonoma,,,Matrix 2007 Stuhlmuller Vineyard Chardonnay,Chardonnay,Matrix
126,France,"Mid-gold color. Pronounced and enticing aromas of ripe citrus and stone fruit, layered with honey and floral notes with a touch of sweet spice. Rich and creamy texture packed with sweet ripe juicy fruit, honey, spice and a twist of sage. Off-dry, deliciously smooth with fresh acidity and medium-body. An elegant wine with a long, creamy, spicy finish.",Vendages Tardives,91,48,Alsace,Alsace,,,,Pierre Sparr 2007 Vendages Tardives Gewurztraminer,Gewürztraminer,Pierre Sparr
130,Italy,"At the first it was quite muted and subdued, but over a ten minute period it developed beautifully in the glass. The dark fruit is still dominant, but it is beginning to show some interesting tertiary aromas of earth, mushrooms and leather. Well balanced with a medium finish. Needs a few more years, but can be enjoyed now with a good deal of pleasure.",Bricco Rocche Brunate,91,70,Piedmont,Barolo,,,,Ceretto 2003 Bricco Rocche Brunate,Nebbiolo,Ceretto
134,United States,"Give this young Cab time in the cellar to come around. Right now, it's fresh and tannic, with primary fruit blackberry and cherry flavors, and the sweet smoky oak hasn't been integrated. Should knit together over the next 4-6 years, at least.",,91,78,California,Napa Valley,Napa,,,Clark-clauden 2007 Cabernet Sauvignon,Cabernet Sauvignon,Clark-clauden
135,Italy,"The color is just beginning to show signs of browning at the edge, but the wine is still fresh and vibrant. The nose is complex, showing licorice, summer fruits, caramel and roses. On the palate, it is soft and pleasant, but lacks some concentration. At its peak, but will drink well for a few years.",Sorano,91,60,Piedmont,Barolo,,,,Giacomo Ascheri 2001 Sorano,Nebbiolo,Giacomo Ascheri
139,France,"Beautiful deep gold color. Intense, concentrated nose with vibrant aromas of honey, citrus marmalade and savory botrytis notes. Deliciously sweet and succulent, yet balanced by good acidity. Packed with flavors of sweet ultra-ripe stone and tropical fruit, with honey and botrytis notes following through. Strong minerality prevails to a long, complex finish.",Cuvée Jerémy Sélection De Grains Nobles,90,112,Alsace,Alsace,,,,Kuentz-bas 2007 Cuvée Jerémy Sélection De Grains Nobles Pinot Gris,Pinot Gris,Kuentz-bas
142,United States,"A beautiful wine, sleek, crisp and ultra-dry, with the most refined flavors of petrol, white peach, kaffir lime, apricot skin and minerals. The acidity is very high and palate-cleansing. The wine was half fermented in barrels, half in stainless steel. Sommeliers, buy this by the case, if you can find it.",,90,17,California,Santa Lucia Highlands,Central Coast,,,Banyan 2007 Riesling,Riesling,Banyan
160,France,"Low-yield vines on the best parcels of the Vincens estate are the source of this wine. It is super-rich and concentrated, maybe too much in its opulent excess. The wine does have great plum and berry flavors that are generous and full in the mouth. The wine even now is still young and will be better from 2018.",,91,35,Southwest France,Cahors,,Roger Voss,@vossroger,Château Vincens 2012 Malbec,Malbec,Château Vincens
179,France,"The impact of 50-year old vines is seen in the concentrated fruit, ripe and full, in this wine. The flavors are of fresh apricots, edged with green apples and pink grapefruit, a combination that shows both richness and great freshness. The finish is a reminder of the fine acidity in 2006.",Les Vénérables Vieilles Vignes,88,27,Burgundy,Chablis,,Roger Voss,@vossroger,La Chablisienne 2006 Les Vénérables Vieilles Vignes,Chardonnay,La Chablisienne
198,United States,"This is a soft, well-crafted wine from the eastern side of St. Helena that's both classic in its dried herb, tobacco and tea aromas and fruity with red currant and cranberry notes.",Four Soil Melange,90,60,California,Napa Valley,Napa,Virginie Boone,@vboone,Sequum 2013 Four Soil Mélange Cabernet Sauvignon,Cabernet Sauvignon,Sequum
201,Italy,"Made with 60% Pinot Bianco, 30% Chardonnay and 10% Sauvignon Blanc, this boasts appealing aromas of acacia flower, nectarine and Alpine herb. The elegant palate delivers juicy Gala apple, yellow peach and a touch of ginger alongside fresh acidity.",Nova Domus Riserva,90,62,Northeastern Italy,Alto Adige,,Kerin O'keefe,@kerinokeefe,Terlan 2014 Nova Domus Riserva White,White Blend,Terlan
209,France,"Intriguing, thought provoking and complex, this wine starts off with perfumed aromas of thyme, bay leaf and lavender. It's supple in the mouth and silky in feel, imbued with black cherry and blueberry fruit, then shows a hint of adhesive bandage on the finish. Drink now.",,90,16,Rhône Valley,Côtes Du Rhône,,Joe Czerwinski,@joecz,Domaine St Pierre 2014 Red,Rhône-style Red Blend,Domaine St Pierre
211,France,"This is taut and sinewy in profile, but shows off a fine range of aromas, from thyme and lavender to cocoa, red plum and ripe cherry. The raspberry and herb flavors finish in a storm of firm tannins. Drink 2020–2025.",Les Christins,90,32,Rhône Valley,Vacqueyras,,Joe Czerwinski,@joecz,Famille Perrin 2013 Les Christins Red,Rhône-style Red Blend,Famille Perrin
227,United States,"The deep ruby color belies this wines cool-climate origins. The nose shows more black fruit aromas than is typical for Pinot Noir. The palate is all Pinot, though, with cherry pie filling flavors made more complex by vanilla from toasty new oak. It finishes with some nice mineral and earth notes. Silky tannins allow for immediate consumption but the wine will gain in complexity after a year or two in the cellar.",Grace House,85,15,New York,Finger Lakes,,,,Wagner 2006 Grace House Pinot Noir,Pinot Noir,Wagner
228,United States,"A thoroughly honest effort, opening with lovely quince, apple and lemon fruit. The palate has a crisp lime edge and finishes with a kick of refreshing acidity. Drink now.",Semi dry,85,14,New York,Cayuga Lake,Finger Lakes,,,Treleaven 2006 Semi-dry Riesling,Riesling,Treleaven
229,United States,"Not clear what the varietal blend is, but it's like a nice, easy southern Rhône wine. Soft and fruity, it's rich in jammy blackberry, cherry, Mandarin orange, chocolate and anise spice flavors.",Costa Del Sol,85,18,California,Napa Valley,Napa,,,Benessere 2005 Costa Del Sol Red,Red Blend,Benessere
234,Italy,"Neutral and unassuming on first impact, this luminous rosé eventually delivers notes of mineral, ash, stone fruit and small berry. The wine offers more in the mouth, however, where it exhibits fresh flavors of raspberry and blueberry.",Cerasuolo Rosè,85,10,Central Italy,Montepulciano D'abruzzo,,,,Talamonti 2007 Cerasuolo Rosè,Montepulciano,Talamonti
237,Italy,"The wine boasts a beautiful appearance thanks to its saturated golden color and faint amber highlights. It has a very fragrant nose and offers honey, peach and soapy floral notes. In the mouth, the wine delivers sweet fruit and a soft, silky texture.",,85,18,Central Italy,San Marino,,,,Consorzio Vini Tipici Di San Marino Nv Moscato,Moscato,Consorzio Vini Tipici Di San Marino
240,France,"Dominated by Ugni Blanc, the grape also used in the local Armagnac brandy, this is a tight, crisp wine, green but not unpleasantly so. Its acidity comes from fresh apple flavors, touched with some good juiciness and a fine refreshing finish. Screwcap.",,85,9,Southwest France,Vin De Pays Des Côtes De Gascogne,,Roger Voss,@vossroger,Domaine Du Tariquet 2007 Ugni Blanc-colombard,Ugni Blanc-colombard,Domaine Du Tariquet
254,United States,"The winery has a good track record with this bottling, which shows how well Petite Sirah does in the warmer St. Helena appellation of Napa Valley. This '08 is dryish to moderately sweet in jammy blackberries and blueberries, with a smoked meat, bacon edge. But it's also firmly tannic, which provides a framework for the sweetness.",,89,45,California,St. Helena,Napa,,,David Fulton 2008 Petite Sirah,Petite Sirah,David Fulton
259,France,"Tannic yet balanced wine with a great swathe of perfumed fruit as well as dense black flavors. There is a herbal character as well as dark plum and sweet fruit flavors. Age for 2–3 years, the wine will always be firm.",Noir 46,89,13,Southwest France,Cahors,,Roger Voss,@vossroger,Vignobles 46n118 2007 Noir 46 Malbec,Malbec,Vignobles 46n118
260,United States,"Young, tart and wrapped up tight as a drum, this offers sharp flavors of cranberry and a bit of Campari. It has the heft and polish to open up further with some additional bottle age, but it isn't budging at the moment.",Estate,89,40,Oregon,Willamette Valley,,Paul Gregutt,@paulgwine,Willamette Valley Vineyards 2009 Estate Pinot Noir,Pinot Noir,Willamette Valley Vineyards
268,Italy,"This sophisticated white wine from the homeland of Italy's most robust reds (Ripasso and Amarone) shows a full, generous appearance with a golden-amber color. Stone fruit, toasted almond and candied lemon give it heft and consistency.",Terso,89,36,Veneto,Veneto,,,,Marchesi Fumanelli 2005 Terso White,White Blend,Marchesi Fumanelli
270,Italy,"A gorgeous expression of Friulano, this wine (in a screwcap bottle) makes an elegant addition to chicken, pasta or seafood dinners. Layers of peach, almond and pineapple are wrapped tightly together.",,89,25,Northeastern Italy,Colli Orientali Del Friuli,,,,Livio Felluga 2009 Friulano,Friulano,Livio Felluga
281,United States,"This is another fine Pinot from Cambria, showing the winery's great price-quality ratio. Words like opulent and elegant come to mind to describe intense flavors of black cherries, licorice, cola, herb tea and Indian spices. It's bone dry, and also quite tannic, but you can enjoy it now with big, rich lamb and beef dishes, or a wild mushroom risotto. Otherwise, it will continue to improve for at least eight years.",Bench Break Vineyard,92,34,California,Santa Maria Valley,Central Coast,,,Cambria 2011 Bench Break Vineyard Pinot Noir,Pinot Noir,Cambria
282,Italy,"This delicious blend of Cabernet Sauvignon, Merlot and Petit Verdot opens with an intense, brooding fragrance of dark fruit, spice and leather. The palate delivers a concentrated black-cherry flavor that's framed by big, chewy tannins and punctuated by spicy accents of white and black pepper, licorice and pipe. Drink 2015–2024.",Dulcamara,92,41,Tuscany,Tuscany,,Kerin O'keefe,@kerinokeefe,I Giusti E Zanza 2009 Dulcamara Red,Red Blend,I Giusti E Zanza
292,France,"Rich almonds, ripe peaches and a smoky, oxidized character all come together in this ripe, complex, fascinating wine. There is a great tang of apple acidity on the finish. Drink now.",Vin Jaune,92,45,France Other,Arbois,,Roger Voss,@vossroger,Domaine Daniel Dugois 2006 Vin Jaune Savagnin,Savagnin,Domaine Daniel Dugois
303,Italy,"Slightly disjointed at first, this Barolo with fruit sourced from four vineyard sites, needs a few minutes to open in the glass. The wine offers tertiary aromas of cured beef, smoked bacon and white mushroom. Drink now.",4 Vigne,87,56,Piedmont,Barolo,,,,Cascina Adelaide 2005 4 Vigne,Nebbiolo,Cascina Adelaide
337,France,"An easy and inviting selection, there's a mentholated streak to the soft red currant and cherry core of this wine. Light and breezy on the palate, it offers thin, quickly dissipating flavors and a fleeting finish.",,83,16,Languedoc-roussillon,Languedoc,,Lauren Buzzeo,@laurbuzz,Château Notre Dame Du Quatourze 2015 Rosé,Rosé,Château Notre Dame Du Quatourze
338,France,The wine is earthy and somewhat rustic. There is fruit but it is spoiled by a spicy pepper edge. Chill this drastically.,,82,11,Provence,Coteaux Varois En Provence,,Roger Voss,@vossroger,Mémoires 2015 Rosé,Rosé,Mémoires
340,France,"The nose is muted, despite the slight spritz of the wine, while the palate is equally toned down. It's a rounded if not very expressive white wine.",Tradition,82,18,Alsace,Alsace,,Anne Krebiehl,@anneinvino,Antoine Moltès & Fils 2015 Tradition Pinot Gris,Pinot Gris,Antoine Moltès & Fils
341,United States,"Plummy and hinting at black cherry, this wine is otherwise soft and simple, with a distracting, full-throttled descent into raisin cake and prune.",Serracino Reserve,82,48,California,Dry Creek Valley,Sonoma,Virginie Boone,@vboone,Pezzi King 2013 Serracino Reserve Zinfandel,Zinfandel,Pezzi King
350,Italy,"After a few minutes in the glass, this stunning wine opens up to reveal classic Nebbiolo aromas of leather, tilled soil, underbrush, fragrant blue flower and ripe berry. The juicy concentrated palate dishes out layers of succulent black cherry, crushed raspberry, anise and pipe tobacco framed in firm, velvety tannins. Drink 2022–2035.",Vignolo Riserva,97,150,Piedmont,Barolo,,Kerin O'keefe,@kerinokeefe,Cavallotto 2010 Vignolo Riserva,Nebbiolo,Cavallotto
352,United States,"Citrus-kissed saltiness lies at the core of this incredibly delicious, deliriously crafted wine, from the great grape grower in the heart of the Russian River Valley. Beautifully crisp, it lingers in stony minerality and a freshness of apricot, memorable from first sip to last.",South River,96,68,California,Russian River Valley,Sonoma,Virginie Boone,@vboone,Rochioli 2014 South River Chardonnay,Chardonnay,Rochioli
353,France,"This beautiful, rich wine has yellow fruits and is concentrated, tightly textured and conveys a ripe character. The touches of wood are just right, adding spice to the opulent fruitiness. A mineral texture gives some tightness to the aftertaste. Drink from 2024.",Le Montrachet,96,630,Burgundy,Montrachet,,Roger Voss,@vossroger,Louis Latour 2014 Le Montrachet,Chardonnay,Louis Latour
357,France,"Produced from vines more than 100 years old in the heart of the Clos de Vougeot vineyard, this is an impressive wine with a long future. The wood aging is already surrounded by ripe, intense black fruits. A fresher character comes from the bright acidity of the vintage, giving the wine a lift. The aftertaste is long and concentrated. Drink from 2024.",Vieilles Vignes,95,350,Burgundy,Clos De Vougeot,,Roger Voss,@vossroger,Château De La Tour 2013 Vieilles Vignes,Pinot Noir,Château De La Tour
359,France,"Up the slope above the Grand Cru of Le Montrachet, this vineyard once grew hemp (hence the name, cheneve). This poised wine is both stylish and rich, with good acidity allied to ripe apple and citrus fruits, cut through the mineral texture and promise a generous wine as it ages. Drink from 2020.",Les Chenevottes Premier Cru,95,110,Burgundy,Chassagne-montrachet,,Roger Voss,@vossroger,Philippe Colin 2014 Les Chenevottes Premier Cru,Chardonnay,Philippe Colin
361,Italy,"Enticing scents of ripe berry, underbrush, grilled herb and eucalyptus mingle together along with an underlying fragrance of rose petal. Elegant and fresh, the impeccably balanced palate delivers tart red cherry, cake spice, white pepper and mineral nuances alongside polished tannins. Drink 2018–2028.",Simposio,95,60,Piedmont,Barolo,,Kerin O'keefe,@kerinokeefe,Bel Colle 2012 Simposio,Nebbiolo,Bel Colle
362,United States,"As impressive as the woman—a pioneer in the Napa Valley—was herself, this 100% varietal wine from the estate property high atop Diamond Mountain is powerfully elegant, intense yet refined. It begins with a high-toned, graceful entry that's rich in blueberry and chocolate, the oak smooth and integrated, with a suggestion of hand-rolled tobacco. Drink now through 2022.",Jamie,95,200,California,Diamond Mountain District,Napa,Virginie Boone,@vboone,J. Davies 2012 Jamie Cabernet Sauvignon,Cabernet Sauvignon,J. Davies
364,United States,"For 2014, the Weber is the star of a very fine Winderlea lineup. Dark and deeply concentrated, it's jammed with black cherry fruit, annotated with anise and showing a hint of gunmetal. The tannins are ripe and taste of clean earth. This is a fine candidate for aging. Drink now through 2030.",Weber Vineyard,95,48,Oregon,Dundee Hills,Willamette Valley,Paul Gregutt,@paulgwine,Winderlea 2014 Weber Vineyard Pinot Noir,Pinot Noir,Winderlea
396,United States,"Rich in spicy, briary berry-cherry and chocolate fruit, with ultra-smooth tannins, and just enough acidity to cut through barbecue sauce. It's a bit sweet and Porty on its own.",Ancient Vines,85,16,California,California,California Other,,,Cline 2007 Ancient Vines Zinfandel,Zinfandel,Cline
399,Italy,"The wine starts off slowly due to a note of almond nut or cardboard that masks the natural fruit. Once it gets started, however, this luminous sparkling Prosecco offers cheerful notes of stone fruit and pear.",Extra Dry,85,24,Veneto,Prosecco Di Valdobbiadene,,,,Astoria 2008 Extra Dry,Prosecco,Astoria
419,France,"A smooth, perfumed wine that has softened just in time for its fifth year. It has black-currant and berry fruits that are ripe while still showing fresh acidity. The tannic structure is there, well integrated into the polished structure. Drinkable now.",,89,20,Bordeaux,Graves,,Roger Voss,@vossroger,Château De Callac 2011 Graves,Bordeaux-style Red Blend,Château De Callac
421,United States,"All varietal, this wine is a blend of fruit from top sites Ciel du Cheval, Conner Lee, Obelisco and Stonetree. The aromas are quite reserved, with notes of barrel spice that are followed by full-bodied fruit flavors with a spicy finish. It drinks well but the variety seems lost.",Confidential Source,89,30,Washington,Columbia Valley,Columbia Valley,Sean P. Sullivan,@wawinereport,Guardian 2013 Confidential Source Merlot,Merlot,Guardian
422,United States,"The light aromas suggest notes of star fruit and citrus. The palate is flavorful, with racy acids keeping the fruit in focus.",Blue Mountain Vineyard,89,20,Washington,Walla Walla Valley,Columbia Valley,Sean P. Sullivan,@wawinereport,Kerloo 2015 Blue Mountain Vineyard Grenache Blanc,Grenache Blanc,Kerloo
445,Italy,"Vibrant and savory, this has aromas of red berry, blue flower and a whiff of baking spice. The bright palate doles out red cherry, juicy strawberry, and star anise alongside bright acidity that gives it a crisp finish.",Vigorosa Rosato,88,28,Sicily and Sardinia,Etna,,Kerin O'keefe,@kerinokeefe,Fattorie Romeo Del Castello 2015 Vigorosa Rosato Nerello Mascalese,Nerello Mascalese,Fattorie Romeo Del Castello
446,United States,"Fresh blueberry and grape aromas meet with black plum, asphalt and turned earth on the nose of this bottling by Steve Dooley of Stephen Ross Cellars. Fresh blackberry juice, black pepper and dill show on the palate that is coated with decent acidity and a good tannic structure.",,88,20,California,Paso Robles,Central Coast,Matt Kettmann,@mattkettmann,Flying Cloud 2014 Cabernet Sauvignon,Cabernet Sauvignon,Flying Cloud
448,France,"This appealing blend of 50% Roussanne, 30% Grenache Blanc and 20% Clairette is tight and citrusy on the nose, broadening out on the palate to offer hints of apple, pineapple and underripe melon. Drink now.",Domaine De La Becassonne,88,19,Rhône Valley,Côtes Du Rhône,,Joe Czerwinski,@joecz,André Brunel 2014 Domaine De La Becassonne White,Rhône-style White Blend,André Brunel
449,Italy,"Aligi Sassu is a lovely sparkler without added sugar or liqueur. It offers a fragrance of white flower, lemon drop and nut. The palate delivers citrus, apple and almond flavors along with refined, persistent bubbles and a bone-dry finish.",Pas Dosé Aligi Sassu,92,39,Lombardy,Franciacorta,,Kerin O'keefe,@kerinokeefe,Majolini 2006 Pas Dosé Aligi Sassu Chardonnay,Chardonnay,Majolini
453,France,"This is a rich, bottle-aged wine is bright with lemon and green-apple fruitiness, but it's starting to develop secondary flavors—notes of toast, almonds and cookies—as well. It's at just the right stage of development and ready to drink now.",Brut Prestige,92,69,Champagne,Champagne,,Roger Voss,@vossroger,Philippe Fontaine Nv Brut Prestige,Champagne Blend,Philippe Fontaine
479,Italy,"Garnet-ruby in color, this has fresh aromas of white cherry, plum, dried dill and rosemary. The mouthfeel is simple and clean, with fresh acidity on the close.",Riserva,87,15,Sicily and Sardinia,Cannonau Di Sardegna,,,,Santa Maria La Palma 2006 Riserva,Cannonau,Santa Maria La Palma
539,United States,"Bright pomegranate and dried strawberry notes start the aromas on this bottling and then descend into more brooding cola, smoked herbs, cinnamon and spicy hibiscus. There is herbal and mineral depth to the palate, with raspberry, cranberry and pencil lead flavors that evolve toward fruit punch, thyme and earth. It's light in body but full of grippy texture.",Twin Creeks Estate,93,42,California,Edna Valley,Central Coast,Matt Kettmann,@mattkettmann,Claiborne & Churchill 2014 Twin Creeks Estate Pinot Noir,Pinot Noir,Claiborne & Churchill
540,United States,"A touch of earthy funk shows at first on the nose of this bottling, laced throughout the dark cranberry, pomegranate, crushed grapeseeds and a lavish layer of violets. The palate is heavily spiced with clove, gingerbread, a touch of juniper, lots of earthy sagebrush and a strong cranberry fruit, all seasoned by an iron-powered minerality.",Bien Nacido Vineyard,93,60,California,Santa Maria Valley,Central Coast,Matt Kettmann,@mattkettmann,Flying Goat Cellars 2012 Bien Nacido Vineyard Pinot Noir,Pinot Noir,Flying Goat Cellars
541,United States,"From one of the more exciting and westernmost vineyards in the region, this bottling shows earthy, gamey aromas alongside ripe red and purple fruits, pairing plum and black cherry with minty, musky herbs. The palate shows dried olive, tart orange peels, red plums, baked figs and pine needles, proving deliciously savory and intense.",Solomon Hills Vineyard,93,42,California,Santa Maria Valley,Central Coast,Matt Kettmann,@mattkettmann,Flying Goat Cellars 2012 Solomon Hills Vineyard Pinot Noir,Pinot Noir,Flying Goat Cellars
542,Italy,"Heady scents of pressed jasmine, honey and candied orange waft out of the glass. The concentrated but elegant palate provides layers of mature apricot, lemon drop and ginger brightened by fresh acidity. It's vibrant and well balanced, with a persistent finish.",Praepositus Passito,93,30,Northeastern Italy,Alto Adige,,Kerin O'keefe,@kerinokeefe,Abbazia Di Novacella 2012 Praepositus Passito Kerner,Kerner,Abbazia Di Novacella
575,France,"This is a juicy wine with its red fruits and attractive acidity. The wood aging still shows, perhaps too strongly, but that fruit is already a major factor in the success of the wine. Drink from 2019.",,89,14,Bordeaux,Bordeaux Supérieur,,Roger Voss,@vossroger,Château De L'aubrade 2015 Bordeaux Supérieur,Bordeaux-style Red Blend,Château De L'aubrade
624,United States,"Named after the Nez Perce name for the Clearwater River, this blend is mostly Merlot and Cabernet Sauvignon, with some Cabernet Franc and Syrah thrown in the mix. The aromas are light, with notes of berry and sweet spices. The cherry flavors are very soft, getting a bit attenuated on the back half on this otherwise pleasant red.",Koos koos kia Colter's Creek Vineyard,87,20,Idaho,Idaho,,Sean P. Sullivan,@wawinereport,Colter's Creek 2010 Koos-koos-kia Colter's Creek Vineyard Red,Red Blend,Colter's Creek
625,Italy,Here's a pure expression of the Garganega grape that sees (in part) 8 months of oak aging for extra density and thickness. The wine shows spicy notes of cinnamon and white pepper backed by peach and candied fruit.,,87,15,Veneto,Soave,,,,Corte Falco 2010 Soave,Garganega,Corte Falco
626,Italy,"Made with the indigenous Garganega grape (the same variety that makes Soave), this richly extracted white wine opens with an off-gold color and ripe notes of apricot and peach nectar.",Memorio Creari,87,23,Veneto,Gambellara Classico,,,,Domenico Cavazza 2008 Memorio Creari,Garganega,Domenico Cavazza
627,Italy,"This pretty white wine from northern Italy opens with an ashy, mineral feel and segues to aromas of candied fruit, peach and citrus. It is nearing the end of its drinking window so don't bother putting this bottle aside.",Sivoy,87,19,Piedmont,Monferrato,,,,Cascina La Ghersa 2009 Sivoy White,White Blend,Cascina La Ghersa
629,United States,"Each year, this wine is intended to be an experiment. This vintage's creativity involves the addition of soil from the Santa Rita Hills to vineyards in the Russian River Valley. Yeasty on the nose, the result is rich and decadent, a wine that's juicy and velvety in black and red fruit and pillowy tannins. A warmth of spice lingers on the finish.",Pinpoint Extreme,92,75,California,Russian River Valley,Sonoma,Virginie Boone,@vboone,Walt 2013 Pinpoint Extreme Pinot Noir,Pinot Noir,Walt
630,United States,"From the oldest part of the estate, this subtle wine rewards your patience and full attention. Hints of rose petals adorn the floral accents, while the midpalate emphasizes flavors of raspberries and orange peel. At first a bit shy, this opens slowly and reveals hidden complexities and enduring length. Drink now through 2025.",Aliette,92,48,Oregon,Willamette Valley,,Paul Gregutt,@paulgwine,Willakenzie Estate 2013 Aliette Pinot Noir,Pinot Noir,Willakenzie Estate
631,France,"Lifted notes of honey and rose petal play on the nose, the palate is altogether more lively than the nose suggests: sprightly and fresh, concentrated and caramel-tinged with lemon freshness. This strikes an appetizing, moreish palate and makes for joyful drinking.",Vendanges Tardives,92,54,Alsace,Alsace,,Anne Krebiehl,@anneinvino,Willm 2011 Vendanges Tardives Gewurztraminer,Gewürztraminer,Willm
650,Italy,"You'll find aromas of tomato leaf, passion fruit, crushed rock and green bell pepper on this radiant white. The bright, savory palate delivers tropical fruit, tangerine zest, dill, celery and mineral alongside tangy acidity. It's an extremely impressive showing for this challenging vintage.",,92,24,Northeastern Italy,Collio,,Kerin O'keefe,@kerinokeefe,Sturm 2014 Sauvignon,Sauvignon,Sturm
651,France,"Subtle notes of clean, fresh lemon zest promise pleasure, the palate reveals a far riper aspect of fresh red apple and baked apples. The dry palate remains zingy and clean and provides ample textured freshness. The effect is that of fresh apple sorbet.",Pfersigberg Grand Cru,92,39,Alsace,Alsace,,Anne Krebiehl,@anneinvino,Kuentz-bas 2014 Pfersigberg Grand Cru Riesling,Riesling,Kuentz-bas
653,United States,"Reserved red-cherry fruit aromas gain complexity with fog-soaked sagebrush, dried purple flowers and an earthy mushroom character on the nose. Roasted shiitake, marjoram, crushed Brazil nuts and a hint of cardamom play on the dark, spicy, earthy palate, laid across a bed of cranberry fruit.",,92,35,California,Arroyo Seco,Central Coast,Matt Kettmann,@mattkettmann,Scratch 2013 Grenache,Grenache,Scratch
654,France,"Freshly cut red, yellow and green apples make both nose and palate very fruity. The dry palate with its lemony freshness and open aspect lets all the apple flavors shine and inflects them here and there with baked and dried apple, too. Wonderfully fruity and pure.",Rosacker Grand Cru,92,43,Alsace,Alsace,,Anne Krebiehl,@anneinvino,Sipp Mack 2014 Rosacker Grand Cru Riesling,Riesling,Sipp Mack
655,United States,"This is one of the best balanced and most elegant Zins around. Very fresh in aroma, it's slightly yeasty like freshly fermented wine, and with subtly gorgeous cherry and blackberry flavors layered with light cedar and cocoa spiciness. Not only is the finish lingering, but the wine still tasted great two days after pulling the cork.",Lodi Native Marian's Vineyard,92,30,California,Mokelumne River,Central Valley,Jim Gordon,@gordone_cellars,St. Amant 2013 Lodi Native Marian's Vineyard Zinfandel,Zinfandel,St. Amant
656,United States,"This cuvée is made with the oldest Pommard clones in the estate vineyard. It's a sharp-edged, reserve-level wine with a defining streak of peppery herb. The black fruits and barrel flavors of licorice, espresso and dark chocolate promise further depth as it ages. Drink 2020–2030.",Nancy's,92,70,Oregon,Dundee Hills,Willamette Valley,Paul Gregutt,@paulgwine,Stoller 2013 Nancy's Pinot Noir,Pinot Noir,Stoller
658,United States,"This full-bodied wine has a voluptuous entry that's slightly tropical in pineapple and Asian pear, as well as vanilla-layered oak. The expansive beginning segues smoothly into a higher-wire act of minerality, finishing fleshy and fresh.",,90,40,California,Los Carneros,Napa,Virginie Boone,@vboone,Vine Cliff 2013 Chardonnay,Chardonnay,Vine Cliff
659,United States,"This wine brings aromas of blackberry, dates and spice. The palate displays abundant cherry flavors with lightly chalky tannins.",,90,45,Washington,Walla Walla Valley,Columbia Valley,Sean P. Sullivan,@wawinereport,Va Piano 2012 Cabernet Sauvignon,Cabernet Sauvignon,Va Piano
660,United States,"Syrupy thick at first, decadent enough for a king, this rich red is defined by vanilla French toast and blackberry jam aromas and flavors. It finds balance midway through on the palate, veering into crisper red tones of cranberry and rhubarb. Time will help mellow things out. Cellar through 2020.",Le Roi Soleil,90,80,California,Mount Veeder,Napa,Virginie Boone,@vboone,Y Rousseau 2012 Le Roi Soleil Cabernet Sauvignon,Cabernet Sauvignon,Y Rousseau
661,United States,"Livelier than usual in texture and popping with bright citrus aromas and flavors, this light-bodied and barrel-fermented wine is a great palate-cleanser and will pair beautifully with dishes like raw oysters and herbed goat cheese. It smells and tastes like lemon, lime, green apple and kiwi, and has great balance.",,90,15,California,Mendocino,,Jim Gordon,@gordone_cellars,Monte Volpe 2013 Pinot Grigio,Pinot Grigio,Monte Volpe
662,Italy,"Aromas of red berry, rose and cake spices lead the way on this ripe, forward Barolo. The round palate offers black cherry, raspberry, licorice and white pepper alongside polished tannins. It's already extremely accessible, so don't leave it in the cellar for too long. Drink 2016–2021.",Ornato,90,65,Piedmont,Barolo,,Kerin O'keefe,@kerinokeefe,Palladino 2011 Ornato,Nebbiolo,Palladino
663,United States,"Ripe black cherry and vanilla swirl around notes of cedar and dusty tannins, combining seamlessly on the palate. From an appellation not known for the variety, it does justice to mountain fruit and power, finishing with substance.",Rockpile Vineyard,90,65,California,Rockpile,Sonoma,Virginie Boone,@vboone,Paradise Ridge 2012 Rockpile Vineyard Cabernet Sauvignon,Cabernet Sauvignon,Paradise Ridge
664,Italy,"This structured Dolcetto offers aromas of blue- and black-skinned fruit, violet, chopped herbs and kitchen spices. The vibrant palate delivers black cherry, black currant, clove, tobacco and anise while firm, refined tannins provide the framework.",Sirì D'jermu,90,35,Piedmont,Dogliani Superiore,,Kerin O'keefe,@kerinokeefe,Pecchenino 2013 Siri D'jermu,Dolcetto,Pecchenino
665,Italy,"Fruity aromas of mature berry mingle with notes of dark cooking spice and chopped herbs on this savory, medium-bodied red. The round, concentrated palate offers juicy black cherry, crushed raspberry, clove and tobacco framed in firm acidity and a velvety texture.",Costa Bruna,90,25,Piedmont,Barbera D'alba,,Kerin O'keefe,@kerinokeefe,Poderi Colla 2013 Costa Bruna,Barbera,Poderi Colla
666,United States,"This warm-vintage wine is more aromatically reticent than recent vintages, with notes of stone fruit, slate and mineral. It drinks a hair off dry, with depth to the lightly spritzy fruit flavors and razor-sharp acidity.",,90,20,Washington,Columbia Valley,Columbia Valley,Sean P. Sullivan,@wawinereport,Poet's Leap 2014 Riesling,Riesling,Poet's Leap
668,United States,"While dry in style, this lithe, delicately framed Riesling packs a punch of ripe, rich tropical fruit. It's blossomy and buoyantly fruity, yet brashly mineral as well. Made using “virgin berries”, uniquely seedless grapes with a tendency towards exuberant aroma and flavor concentration.",Virgin Berry,90,26,New York,North Fork Of Long Island,Long Island,Anna Lee C. Iijima,,Raphael 2014 Virgin Berry Riesling,Riesling,Raphael
669,United States,"All varietal, this wine offers unique aromas of toast, fig, dried herb and exotic spice. The purple fruit flavors are deft in style with a pleasing sense of balance, length and texture.",Mcclellan Estate Vineyard,90,30,Washington,Walla Walla Valley,Columbia Valley,Sean P. Sullivan,@wawinereport,Seven Hills 2013 Mcclellan Estate Vineyard Malbec,Malbec,Seven Hills
670,United States,"Dark berry, herb and fig aromas lead to dense, full and palate-coating dark fruit flavors. It checks all the boxes for varietal correctness, concentration and value.",Eco Made With Organic Grapes,90,13,Washington,Columbia Valley,Columbia Valley,Sean P. Sullivan,@wawinereport,Snoqualmie 2013 Eco Made With Organic Grapes Cabernet Sauvignon,Cabernet Sauvignon,Snoqualmie
671,United States,"The winery's larger bottling of the variety, one it has mastered for decades, this wine is a mix of baked plum and rustic leather notes. It's softly tannic, with pronounced jolts of tobacco and black pepper. With small amounts of other Rhône varieties, from Syrah to Viognier, it meanders to the finish, with a distinct trace of minerality.",,90,45,California,Napa Valley,Napa,Virginie Boone,@vboone,Stags' Leap Winery 2012 Petite Sirah,Petite Sirah,Stags' Leap Winery
684,United States,"This wine is aromatically reserved with notes of milk chocolate, char, berry, barrel spices and high-toned herbs. It's silky and polished in feel, with richness and elegance to the coffee flavors.",Canoe Ridge Vineyard,90,30,Washington,Horse Heaven Hills,Columbia Valley,Sean P. Sullivan,@wawinereport,Chateau Ste. Michelle 2012 Canoe Ridge Vineyard Cabernet Sauvignon,Cabernet Sauvignon,Chateau Ste. Michelle
685,United States,"This wine pushes the notion of low alcohol, giving soft and subtle an extreme definition. As such, it will not please everyone. Earthy spice and an exotic notion of orange blossom dance around a light, clear body and high-toned minerality. It hails from a foggy, shaded vineyard in Freestone.",Emmaline Ann Vineyard,90,75,California,Sonoma Coast,Sonoma,Virginie Boone,@vboone,Cobb 2012 Emmaline Ann Vineyard Pinot Noir,Pinot Noir,Cobb
686,Italy,"This opens with aromas of underbrush, leather, berry and a balsamic note. The forward palate offers dried cherry, white pepper, tobacco and the warmth of alcohol alongside firm tannins. Drink this sooner rather than later.",Acclivi,90,53,Piedmont,Barolo,,Kerin O'keefe,@kerinokeefe,Comm. G. B. Burlotto 2011 Acclivi,Nebbiolo,Comm. G. B. Burlotto
687,United States,"Straw-yellow in the glass, this wine from organically grown, nearly 35-year-old vines shows iodine, citrus pith, yogurt and seared lemon peels in the restrained, minerally nose. The even-keeled, focused palate seamlessly integrates dairy elements with tangerine rinds and a mellow acidity.",Gravel Ridge Vineyard,90,29,California,Santa Cruz Mountains,Central Coast,Matt Kettmann,@mattkettmann,Cooper-garrod 2012 Gravel Ridge Vineyard Chardonnay,Chardonnay,Cooper-garrod
709,United States,"Only the second vintage of this vineyard-designate wine from an estate property, this bottling offers spicy cherry, black tea and dried herb, backed by oaky backbone and structure. Dark chocolate and leather play on the palate in subtle waves, hitting their strides on the finish. Cellar through 2020.",Dcv2 Estate Four Clones Vineyard,91,38,California,Dry Creek Valley,Sonoma,Virginie Boone,@vboone,Dry Creek Vineyard 2012 Dcv2 Estate Four Clones Vineyard Zinfandel,Zinfandel,Dry Creek Vineyard
711,United States,"Floral and herbal from the get-go, this medium-bodied white from a great vineyard offers a lot to like. Stainless-steel fermentation gives it a lean underbelly, rounded out by sharp Meyer lemon and tangerine, buoyed by mouthwatering acidity. Green apple and an accent of honey peak on the finish.",Cohen Vineyard Dutton Ranch,91,23,California,Russian River Valley,Sonoma,Virginie Boone,@vboone,Dutton Estate 2013 Cohen Vineyard Dutton Ranch Sauvignon Blanc,Sauvignon Blanc,Dutton Estate
712,United States,"Light in color and weight, this vineyard-designate conveys a wealth of rose petals, earth and bright, crisp red cherry. Compellingly layered and shy, it defines the term ethereal. The finish is medium in length and accented in spicy cardamom.",Keefer Ranch,91,48,California,Russian River Valley,Sonoma,Virginie Boone,@vboone,Failla 2013 Keefer Ranch Pinot Noir,Pinot Noir,Failla
713,United States,"This wine combines fruit from both cool and warm sites, which in the vintage might have both leaned on the warmer side. Black fruit and licorice give it a burly character at first. Decanting or letting the wine open in the glass will help, but still it retains smooth, velvety tannins and resolved oak.",Dichotomy,91,32,California,Russian River Valley,Sonoma,Virginie Boone,@vboone,Friedeman 2013 Dichotomy Pinot Noir,Pinot Noir,Friedeman
717,France,"An addition to the worldwide JCB brand, produced by the Boisset family of Burgundy, this feels rich and sumptuous, full of ripe red fruits and juicy plums. It is also balanced and well structured. Drink this wine with food.",No. 5,91,25,Provence,Côtes De Provence,,Roger Voss,@vossroger,Jcb 2014 No. 5 Rosé,Rosé,Jcb
719,France,"This soft wine has a gentle texture and smooth white fruits. It is fruity and lightly perfumed. With its crisp edge of acidity, is totally ready to drink.",Grande Réserve Du Président,85,15,Burgundy,Mâcon-villages,,Roger Voss,@vossroger,Cave De Viré 2015 Grande Réserve Du Président,Chardonnay,Cave De Viré
724,United States,"Peach, banana peel and a slight petrol note show mildly on the nose. The round palate boasts tart peach, pineapple rind and bitter lemon zest.",Mont Sec Vineyard,85,14,Texas,Texas,,Alexander Peartree,@apatrone23,Mont Sec 2015 Mont Sec Vineyards Viognier,Viognier,Mont Sec
725,Italy,"This has aromas that recall leafy underbrush, sawdust and menthol. The dense, oak-driven palate shows licorice, espresso, toast and a hint of bitter chocolate but the fruit has dried up. It abruptly ends on a green note of powdered sage.",Meriame,85,80,Piedmont,Barolo,,Kerin O'keefe,@kerinokeefe,Paolo Manzone 2012 Meriame,Nebbiolo,Paolo Manzone
736,United States,"A rare miss for this winery, this bottling shows cooked red cherries, dust, vanilla and caramel on the somewhat hollow nose. The palate is almost overly rich with caramelized black cherry, fudge and chalky tannins. Patience will likely improve this one.",,85,32,California,Paso Robles,Central Coast,Matt Kettmann,@mattkettmann,Felten Cellars 2013 Tempranillo,Tempranillo,Felten Cellars
739,Italy,"Roasted coffee bean and menthol aromas lead the nose while the evolved palate offers dark bitter chocolate, licorice and a toasted note. Showing the heat of the vintage, the fruit has largely dried up while astringent tannins lead to a bracing finish.",Riserva,85,102,Piedmont,Barolo,,Kerin O'keefe,@kerinokeefe,Marchesi Di Barolo 2009 Riserva,Nebbiolo,Marchesi Di Barolo
741,France,This light and fruity wine offers soft tannins and an earthy character. The wine comes mainly from Beaujolais with 15% of Pinot Noir from the Mâcon region. Drink now.,,85,10,Burgundy,Coteaux Bourguignons,,Roger Voss,@vossroger,Patriarche Père Et Fils 2014 Coteaux Bourguignons,Pinot Noir-gamay,Patriarche Père Et Fils
742,France,"This wine has acidity and a good balance between the fresh, crisp character and the richer yellow fruits. It is ready to drink.",,85,20,Burgundy,Saint-véran,,Roger Voss,@vossroger,Paul Reitz 2014 Saint-véran,Chardonnay,Paul Reitz
743,United States,"Ripe plum and plenty of vanilla and cherry provide the perception of sweetness in this wine. That sensation may stem from the pushing-the-envelope generosity of the ripe fruit or from the oak. or both. It makes for a full-bodied, heady experience.",Treborce Vineyard,85,33,California,Dry Creek Valley,Sonoma,Virginie Boone,@vboone,Pech Merle 2013 Treborce Vineyard Zinfandel,Zinfandel,Pech Merle
744,Italy,"This opens with unusual aromas that recall minestrone soup, celery and glazed onion that carry over to the palate. It lacks fruit richness and is rather muddled, offering flavors reminiscent of sweet and sour sauce. Tasted both bottles, same notes.",Campo Quadro Riserva,85,48,Piedmont,Barbaresco,,Kerin O'keefe,@kerinokeefe,Punset 2011 Campo Quadro Riserva,Nebbiolo,Punset
747,United States,"A nice Pinot Noir, dry and elegant, and if it's somewhat one-dimensional, it packs a lot of flavor. With rich raspberry, red licorice, bacon and spice flavors, it's a lovely wine to drink now.",,87,24,California,Sonoma Coast,Sonoma,,,William Knuttel 2007 Pinot Noir,Pinot Noir,William Knuttel
769,Italy,"Here's a jammy, overtly ripe expression of Aglianico that ultimately proves to be an easier and more immediate expression of this naturally tannic grape variety. Aromas include candied fruit, blackberry preserves, raw cherry and raisin.",Synthesi,87,30,Southern Italy,Aglianico,,,,Paternoster 2007 Synthesi,Aglianico,Paternoster
770,France,"Now with its intensity and some bottle age, this wine—formerly known as Crémant de Cramant—is rich, with its apple flavor blending with an almond note and a soft, warm texture. The acidity shoots right through this ripe wine.",Mumm De Cramant Blanc De Blancs,92,62,Champagne,Champagne,,Roger Voss,@vossroger,G. H. Mumm Nv Mumm De Cramant Blanc De Blancs Chardonnay,Chardonnay,G. H. Mumm
771,United States,"A beautiful sparkling wine that shows the Iron Horse signature of balanced elegance. The lime, raspberry, vanilla and brioche flavors are rich and intricate, but particularly lovely is the texture, which is soft and silky.",Ocean Reserve,92,40,California,Green Valley,Sonoma,,,Iron Horse 2007 Ocean Reserve Sparkling,Sparkling Blend,Iron Horse
772,France,"Fight your way through the string and wax sealing that holds down the cork, and you'll discover a wine that is rich, full and opulent. The ripe peach character is balanced with the delicious toasty edge and final bright acidity. Ready to drink.",Grande Réserve Blanc De Blancs Grand Cru Brut,92,66,Champagne,Champagne,,Roger Voss,@vossroger,Jean Milan Nv Grande Réserve Blanc De Blancs Grand Cru Brut Chardonnay,Chardonnay,Jean Milan
774,United States,"The Lorna Marie is the winery's reserve, and it has exceptional concentration and depth. Berry and cherry dominate, spiced up with a pumpkin pie accent. Round, rich and full, yet moderate in alcohol, this is a fine expression of Oregon Pinot Noir in a challenging vintage.",Lorna Marie,92,70,Oregon,Willamette Valley,,Paul Gregutt,@paulgwine,Patton Valley 2010 Lorna Marie Pinot Noir,Pinot Noir,Patton Valley
783,United States,"This is dry, rich, heady, spicy and utterly delicious. As usual, it contains a splash of Petite Sirah. Already throwing some sediment, it's pretty tannic, with complex flavors of wild blackberry and blueberry, black currant, licorice, cola, bacon and plum sauce, with a hint of exotic pepper and spice. This great Zinfandel is a joy to drink.",Big River Ranch,92,38,California,Alexander Valley,Sonoma,,,Bella 2009 Big River Ranch Zinfandel,Zinfandel,Bella
787,United States,"Robust black fruit forms around a dense, leathery core of concentration and richness before allowing room for softer, intertwined tannins to add structure and more depth. Chocolate marks the finish of this big, bold wine.",Rutherford Estate Vineyard,90,125,California,Rutherford,Napa,Virginie Boone,@vboone,St. Supéry 2013 Rutherford Estate Vineyard Cabernet Sauvignon,Cabernet Sauvignon,St. Supéry
790,United States,"The variety is unmistakable, with notes of dried herb, dark cherry and espresso. The jammy fruit flavors are rich, with lightly grainy tannins and coffee notes on the finish. It shows a fine sense of balance.",Signature,90,17,Washington,Columbia Valley,Columbia Valley,Sean P. Sullivan,@wawinereport,Barnard Griffin 2014 Signature Cabernet Sauvignon,Cabernet Sauvignon,Barnard Griffin
802,France,"This is a firm wine, balancing some solid tannins with ripe red fruits. Still young, it is packed with fruitiness and with acidity that are centered around a firm core. Drink this stylish wine from 2018.",Le Griottier,90,22,Beaujolais,Juliénas,,Roger Voss,@vossroger,Domaine Franck Besson 2014 Le Griottier,Gamay,Domaine Franck Besson
803,United States,"Aromas of savory herbs, mineral, exotic spice and red fruit are followed by fruit flavors that are surprisingly restrained considering the warmth of the vintage. Tart acidity livens it up. It's green for the variety but still brings enjoyment.",Upright Klipsun Vineyard,90,39,Washington,Red Mountain,Columbia Valley,Sean P. Sullivan,@wawinereport,Efeste 2013 Upright Klipsun Vineyard Merlot,Merlot,Efeste
804,United States,"The aromas of mineral, spice, toast, yellow apple and lemon pith are light but enchanting. The palate is medium bodied and refined, demonstrating judicious use of oak and a lengthy finish that shows some warmth.",Lola Evergreen Vineyard,90,35,Washington,Ancient Lakes,Columbia Valley,Sean P. Sullivan,@wawinereport,Efeste 2014 Lola Evergreen Vineyard Chardonnay,Chardonnay,Efeste
805,United States,"Bone dry and replete with skin flavors of pear and grapefruit pith, this is perfect for those who want to keep their alcohol consumption down without turning to a sweeter style of wine. Try it with grilled sausages and sauerkraut.",,90,15,Oregon,Oregon,Oregon Other,Paul Gregutt,@paulgwine,Firesteed 2012 Riesling,Riesling,Firesteed
806,United States,"Very smooth, almost thick, this is a rich wine in flavor and mouthfeel. It practically oozes over the palate, dripping with ripe pineapple, vanilla and cream, and coats every corner of the mouth before lingering through a long finish. It's full bodied, soft and concentrated.",Small Lot,90,27,California,Sierra Foothills,,Jim Gordon,@gordone_cellars,Iron Hub 2014 Small Lot Chardonnay,Chardonnay,Iron Hub
808,Italy,"Aromas of ripe orchard fruit and chopped herb jump out of the glass. The savory palate serves up juicy Bartlett pear, green apple, citrus and a mint note while a hint of white almond adds depth. Very appealing.",Le Vele,90,32,Central Italy,Verdicchio Dei Castelli Di Jesi,,Kerin O'keefe,@kerinokeefe,Moncaro 2015 Le Vele,Verdicchio,Moncaro
810,United States,"This wine opens with a confectionary nose, slowly unleashing its thick, concentrated richness of dark cherry and cassis on the palate. Between the layers are grippy tannins and shakes of meaty leather and black pepper. This could stand some time in a decanter or swirling in the glass before enjoying.",,90,125,California,Rutherford,Napa,Virginie Boone,@vboone,Aiken 2013 Cabernet Sauvignon,Cabernet Sauvignon,Aiken
812,United States,"This is a particularly expressive wine with lots of personality. It opens with aromas of cherry, tea and wood smoke, and tastes very dry and structured with vivid fruit acidity and tannins. Sour cherry and raspberry provide the fruit flavors.",Perli Vineyard,90,42,California,Mendocino Ridge,,Jim Gordon,@gordone_cellars,Donkey & Goat 2013 Perli Vineyards Syrah,Syrah,Donkey & Goat
815,United States,"All from Rosebud Vineyard, this moderately aromatic wine brings notes of herbs and pineapple, with Sémillon (15%) adding fig to the mix. The concentration doesn't seem all there and it needs a bit more acid to stand it up.",Soleil,86,18,Washington,Wahluke Slope,Columbia Valley,Sean P. Sullivan,@wawinereport,Finn Hill 2013 Soleil Sauvignon Blanc,Sauvignon Blanc,Finn Hill
816,United States,"While demure on the nose, this light-footed Gewürztraminer is pretty on the palate with delicate lychee and floral notes. Its unusually nervous and shy for it's variety, but refreshingly quaffable.",Pre emption Vineyard,86,22,New York,Finger Lakes,,Anna Lee C. Iijima,,Keuka Spring 2013 Pre-emption Vineyard Gewürztraminer,Gewürztraminer,Keuka Spring
818,France,"The wine is warm and round, full of ripe berry fruits and soft tannins. It's ready to drink now with its full structure, balanced acidity and juicy aftertaste.",Belle Grâce,86,15,Beaujolais,Beaujolais-villages,,Roger Voss,@vossroger,Les Vins Aujoux 2013 Belle Grâce,Gamay,Les Vins Aujoux
819,France,"Soft, ripe and fruity, this is an immediately accessible, drinkable wine. It's soft with lemon and yellow fruits coming together to give a fresh, lively apéritif style of wine.",,86,9,Southwest France,Côtes De Gascogne,,Roger Voss,@vossroger,Mont Gravet 2013 Colombard,Colombard,Mont Gravet
822,Italy,"This displays evident oak sensations of sweet vanilla, toast, espresso, milk chocolate and mature black plum alongside drying tannins. There's not much fresh acidity so drink soon before it dries out.",,86,20,Tuscany,Rosso Di Montalcino,,Kerin O'keefe,@kerinokeefe,Ridolfi 2012 Rosso Di Montalcino,Sangiovese,Ridolfi
823,United States,"Grape soda, prune, leather, graphite, dust and black tobacco blend into an intriguing nose on this estate Malbec from Paso's Eastside. It's a little rustic around the edges once sipped, but pleasantly so. The mouthfeel is soft, the flavors are peppery and the tannins and acidity are built to last.",,86,28,California,Paso Robles,Central Coast,Matt Kettmann,@mattkettmann,Still Waters 2010 Malbec,Malbec,Still Waters
824,United States,"Nothing is out of place in this solid, attractive and well-priced Merlot. It is a straightforward red wine that feels well-balanced, is medium to full-bodied, and has tasty, mellow plum and cherry flavors. Firm tannins mark the clean finish.",,86,10,California,California,California Other,Jim Gordon,@gordone_cellars,Stomping Ground 2010 Merlot,Merlot,Stomping Ground
825,Italy,"Roasted coffee bean, underbrush, toast and allspice lead the nose on this big wine. The one-dimensional palate offers dense cherry extract, licorice and the warmth of alcohol. It's already evolved so drink now.",,86,70,Tuscany,Brunello Di Montalcino,,Kerin O'keefe,@kerinokeefe,Tenuta Poggio Il Castellare 2009 Brunello Di Montalcino,Sangiovese,Tenuta Poggio Il Castellare
826,Italy,"This wine brings together sensations of tilled earth, espresso, oak extract, coffee, overripe black plum and vanilla. The palate displays tightly packed tannins but it's low on fresh acidity so drink it soon.",Ciampoleto,86,28,Tuscany,Rosso Di Montalcino,,Kerin O'keefe,@kerinokeefe,Tenuta San Giorgio 2012 Ciampoleto,Sangiovese,Tenuta San Giorgio
828,France,"Chenin Blanc has found an unlikely new home in Cahors, to judge by the producers who are trying it out. It works well, giving a deliciously nutty character as well as intense citrus and minerality. Age this wine until 2015.",K libre,86,30,Southwest France,Côtes Du Lot,,Roger Voss,@vossroger,Clos Troteligotte 2013 K-libre Chenin Blanc,Chenin Blanc,Clos Troteligotte
829,United States,"A clean, fresh wine, this opens with crisply varietal aromatics of citrus and orange blossom. The flavors follow suit, adding some fresh-cut pineapple as well; then the wine hits a wall and simply pulls up short.",,86,26,Washington,Columbia Valley,Columbia Valley,Paul Gregutt,@paulgwine,Columbia Winery 2013 Viognier,Viognier,Columbia Winery
830,France,"Crisp while also fruity, it has bright acidity, lively citrus and apple flavors and a refreshing aftertaste. Drink now.",,86,15,Beaujolais,Beaujolais-villages,,Roger Voss,@vossroger,Domaine De Thulon 2013 Beaujolais-villages,Chardonnay,Domaine De Thulon
831,France,Some wood aging gives the fruitiness of the wine an added spice. Tannins support the bitter cherry flavors and add firmness to the juicy acidity. Drink from the end of 2015.,Roche Grès,86,23,Beaujolais,Moulin-à-vent,,Roger Voss,@vossroger,Domaine Du Haut-poncié 2013 Roche Grès,Gamay,Domaine Du Haut-poncié
833,Italy,"Aromas of a closed cellar blow off in the glass to reveal underbrush, violet, woodland berries and a hint of white pepper that all carry over to the palate. It's one-dimensional with fresh acidity and would work well with deep-dish pizza covered with toppings.",,86,30,Piedmont,Nebbiolo D'alba,,Kerin O'keefe,@kerinokeefe,Dosio 2012 Nebbiolo D'alba,Nebbiolo,Dosio
835,France,"Attractive cherry flavors give a ripe, rounded feel that's balanced by the acidity and tannins. Black cherries burst easily from the glass, delivering a full aftertaste.",Flower Label,86,12,Beaujolais,Beaujolais,,Roger Voss,@vossroger,Georges Duboeuf 2013 Flower Label,Gamay,Georges Duboeuf
838,United States,"Despite the abv listed, this wine does not seem especially ripe. Peppery highlights carry a whiff of onion, and between the alcohol burn and the green edges, the wine has not come together. Aging in 40% new oak adds some toast, but not grip or density.",Les Collines Vineyard,86,36,Washington,Walla Walla Valley,Columbia Valley,Paul Gregutt,@paulgwine,Kontos 2011 Les Collines Vineyard Syrah,Syrah,Kontos
839,United States,"Blossoms and yellow cherries lend a sweet floral flair on the nose of this dry Riesling. It's straightforward in style, but quaffable and refreshing, with flavors of fresh apple and pear that finish crisp and clean.",Yellow Dog Vineyard,86,20,New York,Finger Lakes,,Anna Lee C. Iijima,,Lamoreaux Landing 2013 Yellow Dog Vineyard Riesling,Riesling,Lamoreaux Landing
841,United States,"This does a good job of balancing lively pear and apple flavors with dashes of toast and butter. It's medium to full-bodied, dry and has enough crispness to help the flavors linger.",,86,10,California,California,California Other,Jim Gordon,@gordone_cellars,Leaping Horse 2013 Chardonnay,Chardonnay,Leaping Horse
842,France,"While the wine has a crisp side, it's also full of red fruits and soft tannins. That makes for a wine that's fragrant, fruity, ready to drink and not likely to age much. Enjoy it now.",,86,16,Beaujolais,Beaujolais-villages,,Roger Voss,@vossroger,Manoir Du Carra 2013 Beaujolais-villages,Gamay,Manoir Du Carra
843,United States,"Aged for 20 months in 40% new French oak, this remains a tough nut to crack. It's encased in a hard tannic shell, with little ripe fruit, and is strongly flavored with barrel notes of tobacco and vanilla. Decant it or put it through an aerator.",Proprietor's Reserve,86,25,Washington,Columbia Valley,Columbia Valley,Paul Gregutt,@paulgwine,Maryhill 2011 Proprietor's Reserve Cabernet Franc,Cabernet Franc,Maryhill
844,Italy,"Aromas of citrus, white stone fruit and a vegetal hint suggesting tomato leaf lead the way. The racy palate offers grapefruit, pineapple, fresh white peach and flinty mineral while a pleasantly bitter note closes the finish.",Bianco,90,24,Sicily and Sardinia,Etna,,Kerin O'keefe,@kerinokeefe,Cottanera 2015 Bianco,Carricante,Cottanera
846,France,"A soft, stony scent of pebble and the faintest melon signals a fresh, clean wine. The palate plays these aromas out softly but also with precision. That stoniness lingers on the dry, gentle finish and the lasting flavor of fresh apple peel",Rosenberg,90,24,Alsace,Alsace,,Anne Krebiehl,@anneinvino,Domaine Barmès-buecher 2014 Rosenberg Sylvaner,Sylvaner,Domaine Barmès-buecher
847,France,"The Pinot-ness of this wine is undeniable: its structure is of velvet, and its aromas convey freshly turned earth, autumnal oak leaf and subdued red-cherry fruit. There is a depth that evokes deep forests. Have this with furred or feathered game.",Galets Oligocène,90,33,Alsace,Alsace,,Anne Krebiehl,@anneinvino,Domaine Bott-geyl 2012 Galets Oligocène Pinot Noir,Pinot Noir,Domaine Bott-geyl
849,France,"This is a blend from most parts of the village, with fruit from 14 different parcels. It is solid and firm while also having great swathes of raspberries and red plums laced together with acidity. The aftertaste is perfumed with a fresh lift. Drink from 2018",,90,70,Burgundy,Gevrey-chambertin,,Roger Voss,@vossroger,Domaine Faiveley 2014 Gevrey-chambertin,Pinot Noir,Domaine Faiveley
850,France,"Young vines, planted in 2007, give a fresh, fruity wine with attractive citrus and zingy orange flavors. It is ripe and deliciously perfumed with a touch of minerality and saltiness. Drink from 2019.",Grèves Premier Cru,90,117,Burgundy,Beaune,,Roger Voss,@vossroger,Domaine Jacques Prieur 2014 Grèves Premier Cru,Chardonnay,Domaine Jacques Prieur
852,France,"Bruised apple and dandelion notes play spicily on the textured, slightly phenolic palate. The central streak of freshness brightens all aspects of the wine, which might gain complexity with a year or two more in bottle. For now it remains intriguingly poised between earthy richness and ethereal lift.",Grand A Du Petit Léon,90,16,Alsace,Alsace,,Anne Krebiehl,@anneinvino,Domaine Roland Schmitt 2014 Grand A Du Petit Léon Sylvaner,Sylvaner,Domaine Roland Schmitt
854,United States,"An interesting vein of tasty herb flavor runs through this full-bodied, plump and fruity wine. The aroma has hints of dill and sage, and these mingle with black cherry and blueberry on the palate. A sleek texture and long finish complete the picture.",,90,20,California,Amador County,Sierra Foothills,Jim Gordon,@gordone_cellars,Easton 2014 Zinfandel,Zinfandel,Easton
855,United States,"Quite buttery and nutty on the nose, this wine shows Marcona almonds, seared pineapple, crème brûlée and vanilla custard. Those elements meet with smart amounts of acid and texture on each creamy, buttery, pineapple-laced sip, which then finishes on marshmallow flavors.",Reserve,90,35,California,Edna Valley,Central Coast,Matt Kettmann,@mattkettmann,Edna Valley Vineyard 2013 Reserve Chardonnay,Chardonnay,Edna Valley Vineyard
856,Italy,"Scents of pressed white flower, orchard fruit, smoke, citrus and a whiff of nut lead the nose on this savory white. The round, medium-bodied palate offers mature pear, pineapple, peach and hazelnut while a note of flinty mineral lifts the finish.",Taburno,90,25,Southern Italy,Sannio,,Kerin O'keefe,@kerinokeefe,Fattoria La Rivolta 2015 Taburno Fiano,Fiano,Fattoria La Rivolta
857,United States,"Tar and beef char kick off the nose on this dark and heavy wine, which offers asphalt, smoked meats and crushed elderberry. Caramelized beef, balsamic-blackberry reduction, tobacco and touches of smoke show on the palate.",,90,28,California,Santa Barbara,Central Coast,Matt Kettmann,@mattkettmann,Fess Parker 2013 Syrah,Syrah,Fess Parker
858,United States,"Fresh cut pear fruit flavors carry this wine. It's crisp and clean, with fresh fruit balanced against natural acidity. Drink it now while the freshness is paramount.",,90,15,Oregon,Oregon,Oregon Other,Paul Gregutt,@paulgwine,Firesteed 2014 Pinot Gris,Pinot Gris,Firesteed
859,United States,"This is a generous, leathery and tannic wine, full-bodied and made in a juicy, foreboding style. Black pepper, leather and cigar smoke provide a sultry, robust edge to the wine, which should cellar well, through 2020.",,90,150,California,Spring Mountain District,Napa,Virginie Boone,@vboone,Foretell 2012 Cabernet Sauvignon,Cabernet Sauvignon,Foretell
860,United States,"Fresh cracked peppercorn, dense black and purple fruit and a cedar tone carry through the nose of this lavish yet nuanced bottling from a South Coast winery that practices extended aging before release. The elderberry fruit is hung on a strong tannic structure, bolstered by woody cigar box, incense, juniper and espresso flavors.",Erato De Portola Trail Vineyard,90,45,California,Temecula Valley,South Coast,Matt Kettmann,@mattkettmann,Gershon Bachus 2009 Erato De Portola Trail Vineyard Cabernet Franc,Cabernet Franc,Gershon Bachus
861,Italy,"Pressed wild flower, hay, fennel and ripe berry scents mingle together in the glass. The refreshing palate combines crushed strawberry, juicy red cherry, saline and a hint of baking spice alongside bright acidity.",Rosso,90,30,Sicily and Sardinia,Etna,,Kerin O'keefe,@kerinokeefe,Graci 2015 Rosso,Nerello Mascalese,Graci
862,Italy,"Alluring scents of Spanish broom, iris, berry and a hint of dried herb come together on this. The bright palate offers candied cherry, nectarine zest, white pepper and a hint of fennel while a mineral note signals the finish.",,90,19,Sicily and Sardinia,Etna,,Kerin O'keefe,@kerinokeefe,Tornatore 2015 Rosato,Rosato,Tornatore
863,United States,"Lighter bramble and red-currant fruits pop on the nose of this wine from the appellation's eastern end, as do baking-spice notes, crushed vanilla and hibiscus. It's airy on the palate, with tense cranberry and pomegranate, crushed oregano and dill, pencil lead minerality and a slowly simmering acidity.",Rio Vista Vineyard,90,45,California,Sta. Rita Hills,Central Coast,Matt Kettmann,@mattkettmann,West Of Temperance 2012 Rio Vista Vineyard Pinot Noir,Pinot Noir,West Of Temperance
867,United States,"Fresh fruit flavors suggest a bowl full of berries and cherries. Crisp acids help to focus the wine, with spot-on varietal flavors and balance. Both elegant and complex, it's a lovely bottle from an under-the-radar producer.",Estate,90,40,Oregon,Chehalem Mountains,Willamette Valley,Paul Gregutt,@paulgwine,Carabella 2013 Estate Pinot Noir,Pinot Noir,Carabella
869,United States,"The most reserved of this winery's Grenache studies, this bottling shows baked red cherry, red currant, cola and slate on the nose. An iron-based minerality shows on the earthy palate, which also offers chipped slate, cranberry and tart cherry elements. It's a tad light but still intriguingly textured.",Larner,90,42,California,Ballard Canyon,Central Coast,Matt Kettmann,@mattkettmann,Casa Dumetz 2014 Larner Grenache,Grenache,Casa Dumetz
870,United States,"This is an amazingly tasty and focused wine that has the most distinctive black pepper character. It's medium-bodied, dark and smoky looking and quite flavorful, backing up the pepper with lively raspberry notes and staying lively from the first sip to the last.",Estate,90,29,California,Mendocino Ridge,,Jim Gordon,@gordone_cellars,Greenwood Ridge 2013 Estate Bottled Syrah,Syrah,Greenwood Ridge
871,United States,Chocolate and blackberry form an impressively generous and full-bodied personality in this 100% varietal wine aged 22 months in a hearty percentage of new oak. Big tannin and traces of cigar and espresso continue on the brawny theme.,,90,42,California,Napa Valley,Napa,Virginie Boone,@vboone,Herencia 2013 Merlot,Merlot,Herencia
872,United States,"Not such a rarity these days, Albariño is turning heads in California and Oregon. This tart, juicy, and deliciously fresh effort is loaded with tangy citrus and green apple fruit. It's leesy and textural, tasting of wet stones: in sum, a wonderfully refreshing summer white.",,90,18,Oregon,Oregon,Oregon Other,Paul Gregutt,@paulgwine,J. Scott Cellars 2015 Albariño,Albariño,J. Scott Cellars
878,France,"Full-bodied wine, spiced with nutmeg and toast and give richness by sweet blackberry juice flavors. It is densely structured, rich with great fruit character as well as a powerful drive of rich tannins. Age this wine at least four years and more.",,90,35,Bordeaux,Saint-estèphe,,Roger Voss,@vossroger,Château Bel-air Ortet 2009 Saint-estèphe,Bordeaux-style Red Blend,Château Bel-air Ortet
879,France,"A solid effort, with attractive, balanced black currant fruits and ripe acidity. The wine layers fruit and integrated tannins. It feels chunky and dense, finishing dry.",,90,45,Bordeaux,Margaux,,Roger Voss,@vossroger,Château Ferrière 2009 Margaux,Bordeaux-style Red Blend,Château Ferrière
880,United States,"Impressive for its depth and deliciousness. The grapes are from Cline's estate on the Sonoma side of the Carneros district. The wine is dry, full-bodied and tannic, although you can drink it now. It's very rich in blackberries, currants, mushu plum sauce, grilled beef and smoky sandalwood, and seems at its best now.",Sonoma Estate,90,20,California,Los Carneros,Napa,,,Cline 2008 Sonoma Estate Syrah,Syrah,Cline
882,United States,"Here's a big, rich, fruity Cabernet that satisfies for its array of blackberry, cherry, currant, mineral and oak flavors. It's dry and tannic, and the overall quality is quite high. The price makes it a good Buy. Drink through 2014",,90,22,California,Napa Valley,Napa,,,Fuse 2009 Cabernet Sauvignon,Cabernet Sauvignon,Fuse
884,United States,"Pretty dark in color and full bodied for a sparkling wine, even one that's majority Pinot Noir. But it's delicious and dry, which surely are prime requisites for any bubbly. Shows ripe, flashy raspberry, strawberry, orange, vanilla, honey, yeast and toast flavors, and the mouthfeel is silky and refined.",Brut Rosé,90,28,California,Russian River Valley,Sonoma,,,J Vineyards & Winery Nv Brut Rosé Sparkling,Sparkling Blend,J Vineyards & Winery
885,United States,"So soft, silky and sweet in blackberries, cherries and red currants, it could be a big, ripe Pinot Noir. That's a compliment. Petite Sirah can often be overpowering. This one's delicate, elegant and frankly delicious. Best now and over the next four years.",,90,27,California,Dry Creek Valley,Sonoma,,,Kokomo 2008 Petite Sirah,Petite Sirah,Kokomo
886,France,"This Grenache-heavy blend (with 20% Syrah) offers a good amount of bittersweet cocoa powder and rich jammy black berries and all-fruit preserves on the nose and mouth. A hint of gaminess adds interest to the bouquet, while the crushed velvet texture and firm tannins transition into a long finish laced with earthy spice.",La Mère Grand,90,25,Languedoc-roussillon,Minervois,,Lauren Buzzeo,@laurbuzz,Loup Blanc 2007 La Mère Grand Red,Rhône-style Red Blend,Loup Blanc
888,United States,"A complex mix of wild berry, cherry and somewhat brambly fruits provides a substantial core to this wine. The fruit rolls on through a slightly chalky patch, then finishes with a flourish of toast and graphite.",Slide Mountain Vineyard,90,72,Washington,Yakima Valley,Columbia Valley,Paul Gregutt,@paulgwine,Owen Roe 2009 Slide Mountain Vineyard Cabernet Franc,Cabernet Franc,Owen Roe
889,United States,"A rich, tasty Pinot, packed with black cherry pie filling, cola, orange zest, star anise, cinnamon and sandalwood flavors that finish sweet and long. The texture is satisfying. Drink over the next several years.",Red Label,90,44,California,Sta. Rita Hills,Central Coast,,,Pacific Ridge 2009 Red Label Pinot Noir,Pinot Noir,Pacific Ridge
890,United States,"If you like your Voigniers flamboyant, this one's for you. It's an explosion of tangerines, golden mangoes, peaches and pears, with buttery, creamy overtones and a finish of honey. Lots of zesty acidity adds a balancing scour to the mouthfeel.",Estate,90,28,California,Napa Valley,Napa,,,Phoenix Ranch 2009 Estate Viognier,Viognier,Phoenix Ranch
891,United States,"Delicious is the word that comes to mind drinking this Pinot Noir. It's young and vibrant in acidity, with waves of raspberries, persimmons, honey, cinnamon, cloves and smoky sandalwood. Good over the next five years.",,90,29,California,Santa Maria Valley,Central Coast,,,2nd Chance 2009 Pinot Noir,Pinot Noir,2nd Chance
892,United States,"A riot of licorice, cassis, toast and berry, this 83% Cabernet Sauvignon/17% Petit Verdot Bordeaux-style blend is currently showing a lot of barrel flavors, with subdued but not insignificant fruit. Medium-grained tannins give the finish some gravitas.",Stone Tree Vineyard Intuition Reserve,90,58,Washington,Columbia Valley,Columbia Valley,Paul Gregutt,@paulgwine,Bergevin Lane 2008 Stone Tree Vineyard Intuition Reserve Red,Bordeaux-style Red Blend,Bergevin Lane
894,Italy,"Jacopo Biondi Santi hits a home run with this beautiful Morellino. The wine is smooth and dense, with lively cherry notes, soft spice and tobacco. It's straightforward and plush, but elegant at the same time.",Castello Di Montepò,90,29,Tuscany,Morellino Di Scansano,,,,Jacopo Biondi-santi 2008 Castello Di Montepò,Sangiovese,Jacopo Biondi-santi
895,Italy,"Le Buche is an interesting winery to watch, and its various Tuscan blends show great promise. Memento is equal parts Sangiovese and Syrah with a soft, velvety texture and a bright berry finish.",Giuseppe Olivi Memento,90,45,Tuscany,Tuscany,,,,Le Buche 2006 Giuseppe Olivi Memento Red,Red Blend,Le Buche
896,United States,"Aged a little more than two years in 90% new French oak and then in bottle, time has been kind to this wine, a Syrah of dark mushroom and baked blackberry, that's savory and silky with a slight hint of mint on the finish. Mighty and impressive.",Signature Selection,90,70,California,Temecula Valley,South Coast,Virginie Boone,@vboone,Leonesse Cellars 2007 Signature Selection Syrah,Syrah,Leonesse Cellars
897,United States,"Dusty and tight, with a whiff of coffee and cocoa introducing an elegant wine with interesting streaks of metal and graphite. Young fruit and fine tannins are in perfect balance, and the wine has a lovely delicacy.",Dividend,90,39,Washington,Columbia Valley,Columbia Valley,Paul Gregutt,@paulgwine,Market Vineyards 2008 Dividend Syrah,Syrah,Market Vineyards
899,Italy,"Tuscany's Mazzei family delivers a wonderful Chianti Classico from their Fonterutoli estate that would pair perfectly with grilled meats or oven-roasted pasta. This is a soft, lush wine with bright cherry and spice notes, which drive a long, velvety finish.",Fonterutoli,90,28,Tuscany,Chianti Classico,,,,Mazzei 2009 Fonterutoli,Sangiovese,Mazzei
902,United States,"White lily, popcorn kernel, citrus spray and underripe peach lead the well-integrated and restrained nose. The palate follows suit, remaining quiet and delicate in flavor concentration, yet loud in weight and texture. Salty citrus lingers on the finish.",Reserve Bingham Vineyard,87,22,Texas,Texas High Plains,,Alexander Peartree,@apatrone23,Becker 2014 Reserve Bingham Vineyard Roussanne,Roussanne,Becker
904,Italy,"Aromas of leather, vineyard dust, dried violet and a whiff of pressed powder lead the nose. The simple palate isn't very expressive, showing sour red cherry and a hint of baking spice alongside close-grained tannins that dry out the finish.",Pajè,87,50,Piedmont,Barbaresco,,Kerin O'keefe,@kerinokeefe,Boffa 2013 Pajè,Nebbiolo,Boffa
905,United States,"An enticing mix of dark berries and fatty, cured sausage makes for an interesting nose. There's good structure and balance on the palate with this southern Italian transplant. It's juicy, ripe and ready for barbecue.",Super Nero,87,30,Texas,Texas,,Alexander Peartree,@apatrone23,Brennan 2014 Super Nero Nero D'avola,Nero D'avola,Brennan
906,United States,"Peach, canned tropical fruit and white flower aromas are pristine on the nose. The medium-bodied palate shows a balance of juicy peach and pineapple, with streaks of chalk and a vein of acidity. This is clean, succinct and perfectly enjoyable on its own.",Reddy Vineyard,87,18,Texas,Texas High Plains,,Alexander Peartree,@apatrone23,Brennan 2015 Reddy Vineyard Roussanne,Roussanne,Brennan
908,Italy,"The nose isn't very expressive, offering aromas of toasted hazelnut, while the dense, simple palate shows dried black cherry and licorice. It's shy on freshness and has round but rather fleeting tannins. Drink through 2018.",,87,39,Piedmont,Barbaresco,,Kerin O'keefe,@kerinokeefe,Cascina Bruciata 2013 Barbaresco,Nebbiolo,Cascina Bruciata
909,Italy,"This opens with aromas of toast, oak, menthol, resin, coffee bean and medicinal notes. The aromas carry over to the firm palate, along with thyme, clove, licorice and bracing tannins.",,87,35,Piedmont,Barbaresco,,Kerin O'keefe,@kerinokeefe,Castello Di Neive 2013 Barbaresco,Nebbiolo,Castello Di Neive
911,France,"Juicy dark plum, cherry and boysenberry are upfront on the nose, with additional seductive hints of purple violet and vanilla. The palate is plush and fruit-forward, with ample acidity and medium tannins that lend pleasant structure. Accents of sweet spice grace the finish.",Samsó Seulle,87,23,France Other,Vin De France,,Lauren Buzzeo,@laurbuzz,Frédéric Brouca 2013 Samsó Seulle Cinsault,Cinsault,Frédéric Brouca
912,United States,"This light, refreshing rosé mixes fresh strawberry fruit with apple-flavored acids. It's finished bone dry, with an almost dusty mouthfeel (in a good kind of way).",Three Otters Pinot Noir,87,18,Oregon,Willamette Valley,,Paul Gregutt,@paulgwine,Fullerton 2015 Three Otters Pinot Noir Rosé,Rosé,Fullerton
915,United States,"This is smooth and accessible, putting a light chocolate frame around rhubarb and strawberry fruit. There's a hint of pepper, and the wine is fresh and youthful, good sipping wine for late summer/early fall.",Atração,87,25,Oregon,Willamette Valley,,Paul Gregutt,@paulgwine,Coelho 2014 Atração Pinot Noir,Pinot Noir,Coelho
916,United States,"Quite tart, the fruit here touches (just barely) on melon, with orange and lemon zest, a bit of lime, and plenty of acid. All stainless fermented, it went through full malolactic.",Renovação Estate Vineyard,87,20,Oregon,Willamette Valley,,Paul Gregutt,@paulgwine,Coelho 2015 Renovação Estate Vineyards Pinot Gris,Pinot Gris,Coelho
917,Italy,"This has aromas suggesting grilled herb, toasted oak, espresso and a whiff of wet animal fur. The palate offers dried cherry, game, anisette and a green note of bitter sage alongside extremely astringent tannins.",Bussia,87,50,Piedmont,Barolo,,Kerin O'keefe,@kerinokeefe,Deltetto 2012 Bussia,Nebbiolo,Deltetto
918,Italy,"This opens with aromas of toasted oak, roasted coffee bean and a whiff of sawdust. The bracing palate offers dried cherry, espresso and mocha alongside astringent tannins. Give the tannins another year or two to unwind then drink to capture the remaining fruit.",Ginestra,87,50,Piedmont,Barolo,,Kerin O'keefe,@kerinokeefe,Diego Conterno 2012 Ginestra,Nebbiolo,Diego Conterno
925,United States,"An earthy, nutty aroma and flavor come through the intense sweetness and full body of this dessert-style wine. It goes for earthy complexity rather than obvious fruit flavors, and tastes high in sugar and alcohol.",Vin Doux Naturel,87,20,California,Shenandoah Valley,Sierra Foothills,Jim Gordon,@gordone_cellars,Terre Rouge 2013 Vin Doux Naturel Muscat Blanc À Petits Grains,Muscat Blanc À Petits Grains,Terre Rouge
928,Italy,"Cellar floor, eucalyptus, black spice and a note recalling grilled celery lead the nose. The ripe palate offers mature black cherry, star anise and a hint of orange zest while assertive, tightly knit tannins leave an astringent finish.",,87,60,Piedmont,Barbaresco,,Kerin O'keefe,@kerinokeefe,Battaglio 2013 Barbaresco,Nebbiolo,Battaglio
929,United States,"This full-bodied wine is in the classic mode, offering very ripe and even overripe aromas. Voluptuous berry flavors verge on sweet, and the rich texture comes without a lot of drying tannin.",Estate,87,20,California,Amador County,Sierra Foothills,Jim Gordon,@gordone_cellars,Bella Grace 2013 Estate Zinfandel,Zinfandel,Bella Grace
931,Italy,"Berry, menthol and a hint of espresso aromas lead the way while the straightforward palate shows mature black-skinned berry, coffee and a hint of licorice. It's already approachable. Drink through 2020.",,87,35,Piedmont,Barolo,,Kerin O'keefe,@kerinokeefe,Borgogno F.Lli Serio E Battista 2012 Barolo,Nebbiolo,Borgogno F.Lli Serio E Battista
932,France,"The wood flavors are still prominent in this spicy wine. Heavily influenced by rich Merlot, the wine is lightly structured and more about juicy red fruits. Tannins in the back give enough shape, although it will be ready to drink from early 2017.",Tradition,87,14,Bordeaux,Blaye Côtes De Bordeaux,,Roger Voss,@vossroger,Château Les Petits Arnauds 2014 Tradition,Bordeaux-style Red Blend,Château Les Petits Arnauds
933,France,"While the wine is firm and tannic at this early stage, it does have the potential to bring out a more fruity character. The red-berry fruits and acidity are there, promising a fresh wine from 2018.",,87,16,Bordeaux,Bordeaux Supérieur,,Roger Voss,@vossroger,Château Mougneaux 2014 Bordeaux Supérieur,Bordeaux-style Red Blend,Château Mougneaux
934,France,"Ripe fruit and balanced acidity allow this wine to make room for touches of wood aging. It has spice, a smoky character and attractive finishing freshness. Drink from 2017 when the wine will be fully balanced.",Vieilles Vignes,87,15,Bordeaux,Bordeaux,,Roger Voss,@vossroger,Château Saintongey 2014 Vieilles Vignes,Bordeaux-style Red Blend,Château Saintongey
935,France,"From a estate in the Marmet family since 1990, the wine has ripe Merlot flavors that give a generous character. Big, bold fruitiness dominates this wine whose structure is firm while smooth. Drink starting from 2019.",Vieilles Vignes,87,14,Bordeaux,Blaye Côtes De Bordeaux,,Roger Voss,@vossroger,Château Ségonzac 2014 Vieilles Vignes,Bordeaux-style Red Blend,Château Ségonzac
936,United States,"This is surprisingly light, having dropped significantly in alcohol from the previous vintage. Green-fruit flavors touch on banana and apple, and the wood—31% new and 26% once-used—seems to show a bit of rawness. Give this another couple of years of bottle age before opening.",Ian's Reserve,87,40,Oregon,Willamette Valley,,Paul Gregutt,@paulgwine,Chehalem 2013 Ian's Reserve Chardonnay,Chardonnay,Chehalem
937,United States,"This is a pleasant white wine, albeit rather generic, as Pinot Blanc is prone to be. Crisp apple flavors and a touch of grapefruit are the focus. Drink chilled and enjoy it while it's still young and fresh.",Stoller Vineyard,87,29,Oregon,Dundee Hills,Willamette Valley,Paul Gregutt,@paulgwine,Chehalem 2015 Stoller Vineyards Pinot Blanc,Pinot Blanc,Chehalem
939,United States,"This wine puts jammy aromas, very ripe flavors, full body and deep, dark fruit flavors on a broad, soft texture.",Melange D'amis Reserve,87,55,California,Livermore Valley,Central Coast,Jim Gordon,@gordone_cellars,Cuda Ridge Wines 2013 Melange D'amis Reserve Red,Bordeaux-style Red Blend,Cuda Ridge Wines
940,France,"Neatly divided between the three major grapes of Champagne, this full, ripe wine is packed with rich apple and pear fruits. It is crisp while showing a high dosage giving a softer, smoother aftertaste. Drink this bottling now.",Grande Réserve Premier Cru Brut,87,38,Champagne,Champagne,,Roger Voss,@vossroger,Duménil Nv Grande Réserve Premier Cru Brut,Champagne Blend,Duménil
942,United States,"Stewy plum and cherry jam lie at the heart of this densely layered, though silky-smooth wine, light bodied and ethereal despite the ripeness of fruit flavor. It finishes simply and without fuss.",,87,34,California,Russian River Valley,Sonoma,Virginie Boone,@vboone,Ektimo Vineyards 2014 Pinot Noir,Pinot Noir,Ektimo Vineyards
944,United States,"Sharply defined, this has piercing, penetrating high notes that are both floral and fruity. Its lemon and tangerine fruit is amped up with some alcoholic burn. Aerating it helps to smooth it out.",Estate,87,27,Oregon,Rogue Valley,Southern Oregon,Paul Gregutt,@paulgwine,Folin Cellars 2015 Estate Viognier,Viognier,Folin Cellars
945,United States,"Director's sources from vineyards across the county to offer an intensity of fruit flavor that tends lush and ripe. Melon and vanilla appear on the nose and palate, with a side tone of pineapple, nutmeg and even clove, finishing clean and with simplicity.",Director's,87,17,California,Sonoma County,Sonoma,Virginie Boone,@vboone,Francis Coppola 2014 Director's Chardonnay,Chardonnay,Francis Coppola
946,United States,"Small amounts of Cabernet Sauvignon, Cabernet Franc and Petite Sirah are blended within this wine, given 17 months in new French oak plus once and twice-used barrels. The oak is integrated within this otherwise leathery, tannic and mild-mannered wine, ripe in cherry and cassis.",Reserve Winston Hill Vineyard,87,65,California,Rutherford,Napa,Virginie Boone,@vboone,Frank Family 2013 Reserve Winston Hill Vineyard Sangiovese,Sangiovese,Frank Family
949,Italy,"Fragrant and fresh, this easy-drinking red has alluring scents of woodland berry, violet and a whiff of freshly tilled soil. The taut, luminous palate offers sour cherry and star anise accompanied by polished tannins and racy acidity.",,87,23,Piedmont,Coste Della Sesia,,Kerin O'keefe,@kerinokeefe,Travaglini 2014 Nebbiolo,Nebbiolo,Travaglini
950,United States,"With a richness to the nose, this wine possesses a medium-sized body and moderate acidity, showcasing ripe apple, pear and tropical elements. The finish is focused in simple notions of preserved lemon and pineapple.",,87,40,California,Los Carneros,Napa,Virginie Boone,@vboone,Vine Cliff 2014 Chardonnay,Chardonnay,Vine Cliff
951,United States,"This is a highly structured wine with an abundance of fine-grained tannins and firm acidity to support pure raspberry and blackberry flavors. It tastes as if it was made for aging, so wait and drink after 2019.",Rennie Vineyard Organic Grapes,87,32,California,Yorkville Highlands,North Coast,Jim Gordon,@gordone_cellars,Yorkville Cellars 2013 Rennie Vineyard Organic Grapes Petit Verdot,Petit Verdot,Yorkville Cellars
953,United States,"This new “i” series offering mixes brambly strawberry fruit with granular tannins. It's ready to drink, dappled with cinnamon, and leaves a slightly medicinal aftertaste in the back of the mouth.",I,87,38,Oregon,Willamette Valley,,Paul Gregutt,@paulgwine,Amalie Robert 2012 I Pinot Noir,Pinot Noir,Amalie Robert
954,United States,"Full-bodied and smooth in texture, this generous-tasting wine has lots of ripe plum flavors and sweet-seeming oak accents.",Reserve Bottling,87,15,California,Lodi,Central Valley,Jim Gordon,@gordone_cellars,Archgate Cellars 2014 Reserve Bottling Cabernet Sauvignon,Cabernet Sauvignon,Archgate Cellars
955,Italy,"This offers scents and flavors that recall stewed prune, raisin and black pepper. It's still tight, with aggressive tannins that leave a firm clenching finish. Give it a few years to let the tannins unfurl then drink up to capture the remaining fruit.",Nirvasco,87,50,Piedmont,Barolo,,Kerin O'keefe,@kerinokeefe,Bersano 2012 Nirvasco,Nebbiolo,Bersano
956,Italy,"Here's a fun, informal sparkler that has aromas of citrus, orchard fruit and toast. The racy palate shows golden apple, pear, bitter almond and a lemon drop note.",Anni Venti Metodo Classico,87,30,Southern Italy,Greco Di Tufo,,Kerin O'keefe,@kerinokeefe,Cantine Di Marzo Nv Anni Venti Metodo Classico,Greco,Cantine Di Marzo
957,United States,"The great Ritchie Vineyard, a renowned site for Chardonnay, also possesses highly sought-after Sauvignon Blanc. Here, it shows as grassy in pea shoots and thick, with a voluptuous texture and body weight.",Ritchie Vineyard,87,24,California,Russian River Valley,Sonoma,Virginie Boone,@vboone,Carica 2015 Ritchie Vineyard Sauvignon Blanc,Sauvignon Blanc,Carica
959,France,"Partially from Grand Cru vineyards in the Montagne de Reims and the Côte des Blancs, this wine is soft, ripe and balanced, with a ripe dosage that contrasts with citrus acidity. It has a fine, cool texture.",Brut Mosaïque,87,40,Champagne,Champagne,,Roger Voss,@vossroger,Jacquart Nv Brut Mosaïque,Champagne Blend,Jacquart
960,France,"This is a fragrant, spicy wine that is shot through with red fruits and fine acidity. The 95% Merlot and 5% Cabernet Sauvignon blend is still firm with its tannins although the acidity and bright fruit are well in balance. Drink from 2018.",,87,18,Bordeaux,Blaye Côtes De Bordeaux,,Roger Voss,@vossroger,Château Cap Saint-martin 2014 Blaye Côtes De Bordeaux,Bordeaux-style Red Blend,Château Cap Saint-martin
961,France,This is a ripe wine and full of fruit. It has structure as well with its firm tannins and smoky backdrop. It will broaden out well and give a rich wine from 2018.,,87,20,Bordeaux,Bordeaux Supérieur,,Roger Voss,@vossroger,Château De Bel 2014 Bordeaux Supérieur,Bordeaux-style Red Blend,Château De Bel
962,France,"A balanced wine, with softness that indicates a relatively high dosage. There is no complexity, but the wine is light, creamy, flavored with green plums and kiwi, just edged with bitterness.",Demoiselle Tête De Cuvée Brut,85,40,Champagne,Champagne,,Roger Voss,@vossroger,Vranken Nv Demoiselle Tête De Cuvée Brut,Champagne Blend,Vranken
963,France,"From a large 177-acre estate in the southern Graves, this wine shows plenty of stalky, black currant fruits, fresh acidity and spice from wood. It has just the right characters for a food Bordeaux, dry core of tannins and vivid fruit around.",,85,11,Bordeaux,Graves,,Roger Voss,@vossroger,Château Pavillon De Boyrein 2006 Graves,Bordeaux-style Red Blend,Château Pavillon De Boyrein
964,Italy,"Here's a Trebbiano-based wine from the Lake Garda area in northern Italy that delivers smooth consistency and expressive notes of stone fruit, citrus, honey and crushed stone. The wine would pair well with lake fish or vegetable dishes.",Argillaia,85,17,Lombardy,Lugana,,,,Fabiano 2006 Argillaia,Trebbiano,Fabiano
965,Italy,"Packaged in a heavy, oversized black bottle, this brawny wine delivers power, bulging muscle and aromas that exaggerate in every way possible. The most noticeable feature (so noticeable, it knocks you in the face) is the wood element that comes off as fresh carpentry or wood shavings. The wine is heavy, syrupy and sweet tasting.",Vecchie Vigne,85,48,Southern Italy,Primitivo Di Manduria,,,,Vinosia 2006 Vecchie Vigne,Primitivo,Vinosia
970,United States,"A little tough and gritty, but okay for everyday fare. Shows blackberry, currant, tobacco and herb flavors that turn sweetly fruity on the finish.",,85,19,California,California,California Other,,,One Hope 2006 Cabernet Sauvignon,Cabernet Sauvignon,One Hope
971,France,"Although it is labeled “Extra Dry” (that is sweeter than Brut), this lively Champagne in its festive little pink bottle is very fresh, with delicious acidity. It finishes lightly, easily.",Pop Rosé Extra Dry,85,15,Champagne,Champagne,,Roger Voss,@vossroger,Pommery Nv Pop Rosé Extra Dry,Champagne Blend,Pommery
972,United States,"Sweet in jammy apricots and pineapples, with even richer notes of smoky vanilla and buttered toast. Crisp acidity fortunately provides some balance. From Venge Vineyards.",,85,23,California,Clarksburg,Central Valley,,,Saddleback 2008 Viognier,Viognier,Saddleback
973,United States,"A bit earthy and herbal, and soft, with cherry and cocoa fruit flavors. The acidity and tannin structure could be firmer.",Alexander School Reserve Big Barrel,85,35,California,Alexander Valley,Sonoma,,,Alexander Valley Vineyards 2006 Alexander School Reserve Big Barrel Syrah,Syrah,Alexander Valley Vineyards
974,United States,"It's soft, slightly oxidized, and generic. It's pleasantly quaffable, marked in the finish by some rather bitter toast.",Rough House Red,85,30,Washington,Walla Walla Valley,Columbia Valley,Paul Gregutt,@paulgwine,Covington 2006 Rough House Red Red,Red Blend,Covington
975,Italy,"Fabio Sireci is behind some of Sicily's best Nero d'Avola and has more recently decided to flex his winemaker muscle on Pinot Noir. The results are a tad jammy and muddled (his vineyards are smack in the middle of the Mediterranean island), ending with ripe aromas of prune and raisin.",P,85,12,Sicily and Sardinia,Sicilia,,,,Feudo Montoni 2008 P Pinot Noir,Pinot Noir,Feudo Montoni
979,France,"A heavy dose of Sauvignon Blanc brings herbaceous, grassy, white currants and gooseberry flavors. It's young, and needs more time to coalesce. It is certainly fresh, fruity, right up front.",Sauvignon,85,10,Bordeaux,Bordeaux Blanc,,Roger Voss,@vossroger,Château Lamothe-vincent 2008 Sauvignon,Sauvignon Blanc,Château Lamothe-vincent
980,Italy,"This wine doesn't seem to have fully evolved and its aromas are muddled in places with notes of mature fruit and natural rubber. In the mouth it has red fruit flavors and tight tannins, but it generally lacks definition.",Capitel Della Crosara,85,41,Veneto,Amarone Della Valpolicella Classico,,,,Montresor 2003 Capitel Della Crosara,"Corvina, Rondinella, Molinara",Montresor
981,France,"This totally fresh wine has benefited from the quality of whites in 2007 Bordeaux. It is lemony with pink grapefruit flavors giving an intense lift. There is some herbaceousness, with green herbs and juicy fruits. To drink now.",Premius Bordeaux Sauvignon,85,10,Bordeaux,Bordeaux Blanc,,Roger Voss,@vossroger,Yvon Mau 2007 Premius Bordeaux Sauvignon,Sauvignon Blanc,Yvon Mau
982,Italy,"This is a northern Italian Cabernet with a light, informal style and low intensity. The wine delivers measured aromas of cherry, pine, cedar and ends with a crisp note of acidity.",Col Di Luna,85,16,Veneto,Piave,,,,Bellenda 2005 Col Di Luna Cabernet Sauvignon,Cabernet Sauvignon,Bellenda
983,United States,"Off-dry, with sugary flavors of apricots, pears, flowers, vanilla and dusty Asian spices. Crisp acidity provides needed balance. Try with Vietnamese, Thai or Burmese fare.",,85,25,California,Anderson Valley,,,,Breggo 2008 Gewürztraminer,Gewürztraminer,Breggo
988,United States,"This is a classic, high-acid vintage. The strength is fruit, and it's a mix of citrus and light pineapple; all stainless fermented and finished at moderate alcohol. Quite different in style from the '06, but well-made.",,88,20,Oregon,Oregon,Oregon Other,Paul Gregutt,@paulgwine,Lachini 2007 Pinot Gris,Pinot Gris,Lachini
990,United States,"Good price for a crisp white wine that's this polished. Nice on its own for the savory citrus, spearmint and spicy vanilla flavors, and fine with everything from fried chicken to Cantonese.",,88,12,California,California,California Other,,,Dancing Bull 2007 Sauvignon Blanc,Sauvignon Blanc,Dancing Bull
992,France,"Made from Fer Servadou, Duras and Syrah, this is a wine with a truly local pedigree and a modern style, with prominent new wood. There are aromas that talk of wild heather and a dry landscape and palate notes of spice, ripe berries and prunes.",Grande Tradition,88,14,Southwest France,Gaillac,,Roger Voss,@vossroger,Domaine Des Terrisses 2006 Grande Tradition Red,Red Blend,Domaine Des Terrisses
993,France,"A delicious wine, the Chenin Blanc giving both mineral and spice flavors, contrasting with the richer Chardonnay. Apricot and sweet melon flavors are supported by a fine, surprisingly complex structure. Fresh currants mark the refreshing finish.",,88,12,Southwest France,Vin De Pays Des Côtes De Gascogne,,Roger Voss,@vossroger,Domaine Du Tariquet 2007 Chenin Blanc-chardonnay,Chenin Blanc,Domaine Du Tariquet
994,France,"An enticingly perfumed wine, with its white flowers and apricot blossom. The palate is soft, rich, moving towards yellow fruits, ripe pink grapefruit and just an edge of mineral chalkiness.",Les Belles Vignes,88,22,Loire Valley,Sancerre,,Roger Voss,@vossroger,Fournier Père Et Fils 2006 Les Belles Vignes,Sauvignon Blanc,Fournier Père Et Fils
995,Italy,"Edèlmio is a sophisticated and toasty blend of Carricante and Chardonnay with fragrant aromas of stone fruit, peach, mineral, almond and freshly chopped pear. The wine is broad and generous in terms of its mouthfeel and would make a perfect companion to swordfish with mint and roasted eggplant.",Edèlmio,88,26,Sicily and Sardinia,Sicilia,,,,Benanti 2006 Edèlmio White,White Blend,Benanti
996,Italy,"Here's a Syrah with bursting aromas of mature blueberry, cherry, spice and smoked bacon. The wine is full, round and generous with a supple feel and soft concentration. Pair it with lamb or roasted pork.",Terre Di Giumara,88,14,Sicily and Sardinia,Sicilia,,,,Caruso & Minini 2006 Terre Di Giumara Syrah,Syrah,Caruso & Minini
998,United States,"Rich in the mouth, this creamy and textural wine mixes fruit flavors of peach, apple and pear in equal proportion. It's a bit heavier than the previous vintage, with less of the floral character, but it offers, instead, a richness that lingers into a satisfying finish.",,88,18,Oregon,Dundee Hills,Willamette Valley,Paul Gregutt,@paulgwine,The Four Graces 2007 Pinot Gris,Pinot Gris,The Four Graces